-- phpMyAdmin SQL Dump
-- version 4.8.3
-- https://www.phpmyadmin.net/
--
-- Хост: 192.168.40.70:3306
-- Время создания: Окт 01 2019 г., 11:20
-- Версия сервера: 5.6.39-83.1-56-log
-- Версия PHP: 5.6.37-1+0~20180725093903.2+jessie~1.gbp606419

SET SQL_MODE = "NO_AUTO_VALUE_ON_ZERO";
SET AUTOCOMMIT = 0;
START TRANSACTION;
SET time_zone = "+00:00";


/*!40101 SET @OLD_CHARACTER_SET_CLIENT=@@CHARACTER_SET_CLIENT */;
/*!40101 SET @OLD_CHARACTER_SET_RESULTS=@@CHARACTER_SET_RESULTS */;
/*!40101 SET @OLD_COLLATION_CONNECTION=@@COLLATION_CONNECTION */;
/*!40101 SET NAMES utf8mb4 */;

--
-- База данных: `k_paygate`
--

-- --------------------------------------------------------

--
-- Структура таблицы `bepaid_card`
--

CREATE TABLE `bepaid_card` (
  `id` int(11) NOT NULL,
  `paymentName` varchar(32) COLLATE utf8_unicode_ci NOT NULL,
  `clientId` varchar(32) COLLATE utf8_unicode_ci NOT NULL,
  `pan` varchar(32) COLLATE utf8_unicode_ci NOT NULL,
  `token` varchar(500) COLLATE utf8_unicode_ci NOT NULL,
  `createdAt` int(11) DEFAULT NULL,
  `updatedAt` int(11) DEFAULT NULL
) ENGINE=InnoDB DEFAULT CHARSET=utf8 COLLATE=utf8_unicode_ci;

--
-- Дамп данных таблицы `bepaid_card`
--

INSERT INTO `bepaid_card` (`id`, `paymentName`, `clientId`, `pan`, `token`, `createdAt`, `updatedAt`) VALUES
(3, '2538_7', 'client_124620', '4****0000', '1804ff4b-80d4-4ac5-ac25-c47f5c1c468a', 1531812267, 1531812267),
(4, '2538_7', 'worker_11095', '4****0000', '5f49c0eb-877b-49f1-b3e6-d05b78e4cc3e', 1531812331, 1531812331),
(5, '2538_9', 'client_124620', '4****0000', '95dc6987-5afb-43f0-8c29-1e3d83186b29', 1534399265, 1534399265),
(6, '2538_9', 'client_124639', '5****8986', 'c9befdf8-4df7-4b88-93c9-3138a7e9b350', 1547714002, 1547714002);

-- --------------------------------------------------------

--
-- Структура таблицы `bepaid_payment`
--

CREATE TABLE `bepaid_payment` (
  `id` int(11) NOT NULL,
  `paymentName` varchar(32) COLLATE utf8_unicode_ci NOT NULL,
  `clientId` varchar(32) COLLATE utf8_unicode_ci NOT NULL,
  `orderNumber` varchar(32) COLLATE utf8_unicode_ci NOT NULL,
  `uid` varchar(255) COLLATE utf8_unicode_ci NOT NULL,
  `amount` int(11) DEFAULT NULL,
  `currency` int(11) DEFAULT NULL,
  `createdAt` int(11) DEFAULT NULL,
  `updatedAt` int(11) DEFAULT NULL
) ENGINE=InnoDB DEFAULT CHARSET=utf8 COLLATE=utf8_unicode_ci;

--
-- Дамп данных таблицы `bepaid_payment`
--

INSERT INTO `bepaid_payment` (`id`, `paymentName`, `clientId`, `orderNumber`, `uid`, `amount`, `currency`, `createdAt`, `updatedAt`) VALUES
(1, '2538_6', 'worker_11095', '1000000000575872', '9008840-58578fc07d', 1000, 643, 1531313976, 1531313976),
(2, '2538_6', 'client_124620', '1606', '9008851-cebbf2f5ec', 8000, 643, 1531314076, 1531314076),
(3, '2538_7', 'worker_11095', '1000000000575879', '9051095-53ab0e51b5', 100000, 643, 1531812344, 1531812344),
(4, '2538_7', 'worker_11095', '1000000000575880', '9051097-b7e5387022', 68700, 643, 1531812361, 1531812361),
(5, '2538_7', 'client_124620', '1617', '9051112-c96be6cfd2', 8000, 643, 1531812458, 1531812458),
(6, '2538_7', 'client_124620', '1618', '9051118-7065158474', 8000, 643, 1531812496, 1531812496),
(7, '2538_9', 'client_124620', '2159', '9275920-b9c31401f0', 8000, 643, 1534411277, 1534411277),
(8, '2538_9', 'client_124620', '2162', '9276025-04936c2ddf', 8000, 643, 1534412224, 1534412224),
(9, '2538_9', 'client_124620', '2163', '9276165-f58eb23ac5', 8000, 643, 1534413286, 1534413286),
(10, '2538_9', 'client_124620', '2164', '9276245-449d9523b0', 8000, 643, 1534413975, 1534413975);

-- --------------------------------------------------------

--
-- Структура таблицы `bepaid_profile`
--

CREATE TABLE `bepaid_profile` (
  `id` int(11) NOT NULL,
  `paymentName` varchar(32) COLLATE utf8_unicode_ci NOT NULL,
  `shopId` int(11) NOT NULL,
  `shopKey` varchar(255) COLLATE utf8_unicode_ci NOT NULL,
  `isDebug` int(1) NOT NULL DEFAULT '0',
  `commission` float DEFAULT '0',
  `cardBindingSum` int(11) NOT NULL DEFAULT '1',
  `currency` varchar(3) COLLATE utf8_unicode_ci NOT NULL,
  `createdAt` int(11) DEFAULT NULL,
  `updatedAt` int(11) DEFAULT NULL
) ENGINE=InnoDB DEFAULT CHARSET=utf8 COLLATE=utf8_unicode_ci;

-- --------------------------------------------------------

--
-- Структура таблицы `cache`
--

CREATE TABLE `cache` (
  `id` varchar(128) COLLATE utf8_unicode_ci NOT NULL,
  `expire` int(11) DEFAULT NULL,
  `data` longblob
) ENGINE=InnoDB DEFAULT CHARSET=utf8 COLLATE=utf8_unicode_ci;

--
-- Дамп данных таблицы `cache`
--

INSERT INTO `cache` (`id`, `expire`, `data`) VALUES
('0024a506c0f1bf9f870cfbdb06cdd2ae', 1512837775, 0x613a323a7b693a303b4e3b693a313b4e3b7d),
('00b0a32e1a0592158e2e84c9b61e199a', 1515859765, 0x613a323a7b693a303b4e3b693a313b4e3b7d),
('05b87a065e5b3da1b1f30af5ebd88162', 1516039918, 0x613a323a7b693a303b4e3b693a313b4e3b7d),
('08cee2c1d4669013a776e7dbabf565f4', 1516276266, 0x613a323a7b693a303b4e3b693a313b4e3b7d),
('0ddc5ee2822d4882347275e5bddacfd5', 1516472598, 0x613a323a7b693a303b4e3b693a313b4e3b7d),
('0e3a7479f04203da1c0372868b83a837', 1516277714, 0x613a323a7b693a303b733a31383a227265706c69636174655f6656797a4a79524a223b693a313b4e3b7d),
('150c71ba2fec5cc0f132eddacad146ec', 1512728049, 0x613a323a7b693a303b4e3b693a313b4e3b7d),
('16c8420cb0f9bc2c2d9016cfd29a8d6b', 1516339712, 0x613a323a7b693a303b4e3b693a313b4e3b7d),
('1b5077f3b458b1adb13e52b13b8ac8a7', 1516283968, 0x613a323a7b693a303b4e3b693a313b4e3b7d),
('211784622808c1eec4a8c3295fe7929e', 1519250582, 0x613a323a7b693a303b4e3b693a313b4e3b7d),
('271d485f3e32b87b1fada5a128bfeda0', 1517911721, 0x613a323a7b693a303b4e3b693a313b4e3b7d),
('298807fb928dc225a22028495cc4f1ed', 1516285187, 0x613a323a7b693a303b4e3b693a313b4e3b7d),
('2f84c9a3f716e91975d63ab59000df00', 1516283455, 0x613a323a7b693a303b4e3b693a313b4e3b7d),
('322ac8233b7f34f14365993d13b4d0c1', 1516948605, 0x613a323a7b693a303b4e3b693a313b4e3b7d),
('34ff5dc45447edf6d83922f5a88e6db9', 1516277227, 0x613a323a7b693a303b4e3b693a313b4e3b7d),
('360LLpOmF1ZXFsAhekXAtpRsdNJeYkCZ', 1516274711, 0x613a323a7b693a303b4e3b693a313b4e3b7d),
('3d8aaee7b6ceff484bebc2099f078de1', 1516172918, 0x613a323a7b693a303b4e3b693a313b4e3b7d),
('49210dacab9e2a613664029b3f5e799e', 1519227656, 0x613a323a7b693a303b4e3b693a313b4e3b7d),
('4a71b2eb2f129f73464b6c7bb1929c88', 1512728997, 0x613a323a7b693a303b4e3b693a313b4e3b7d),
('4e1e48459de8cda056ab7c93c40afaed', 1516283598, 0x613a323a7b693a303b4e3b693a313b4e3b7d),
('50fe94d2016789be5cb9a3f27365bb80', 1516276233, 0x613a323a7b693a303b4e3b693a313b4e3b7d),
('512cca8928a3f66690296aad36656c2e', 1519055440, 0x613a323a7b693a303b4e3b693a313b4e3b7d),
('582ef1e97a57a000f1d8210e6aacc824', 1513210686, 0x613a323a7b693a303b4e3b693a313b4e3b7d),
('639cd030273fe6636b44e8f146027b2c', 1512946425, 0x613a323a7b693a303b4e3b693a313b4e3b7d),
('69faad9a279db24863fa7f6767fbfc0e', 1516274679, 0x613a323a7b693a303b4e3b693a313b4e3b7d),
('6d297785d23e618149742875b685cb4e', 1516948348, 0x613a323a7b693a303b4e3b693a313b4e3b7d),
('6e219146e805241d021c513183319e6e', 1519226435, 0x613a323a7b693a303b4e3b693a313b4e3b7d),
('6fd2eb4b4316d3877b7ac399e6470972', 1520342683, 0x613a323a7b693a303b733a33363a2264346661386532612d643830342d373266632d643466612d386532613030306235363561223b693a313b4e3b7d),
('71fda29058aeb77d8282204148cb6aa8', 1513152804, 0x613a323a7b693a303b4e3b693a313b4e3b7d),
('72f8399dbfb5a58501dbefda2c8ebf9f', 1513004627, 0x613a323a7b693a303b4e3b693a313b4e3b7d),
('79a41c415d13182292799477f1760b5d', 1517851742, 0x613a323a7b693a303b4e3b693a313b4e3b7d),
('7sSXJUnmEyt99HMQMXphtb2X3pI0rxJQ', 1516276994, 0x613a323a7b693a303b4e3b693a313b4e3b7d),
('7yWEhCcimfda2KYfwSIkWZ7JqIiuS8uK', 1520341841, 0x613a323a7b693a303b733a33363a2230623035323363392d393131352d376532622d306230352d323363393030313437663564223b693a313b4e3b7d),
('84c68381f4e9b314df0f81c4393e1378', 1516339982, 0x613a323a7b693a303b4e3b693a313b4e3b7d),
('86debe73bd5e42e0a446daadc18a1357', 1519823565, 0x613a323a7b693a303b4e3b693a313b4e3b7d),
('89f2b13c6e7a950f474b136f7bf37861', 1512718865, 0x613a323a7b693a303b4e3b693a313b4e3b7d),
('8c8ea8c1b33d4540cbc1abf65fa10439', 1516276257, 0x613a323a7b693a303b4e3b693a313b4e3b7d),
('8e5eaecd8e2e47f5f9812c2c3ea8d3ac', 1519229126, 0x613a323a7b693a303b4e3b693a313b4e3b7d),
('8f0118fd8692ed0d8d1824f1cf66c0a2', 1516275704, 0x613a323a7b693a303b4e3b693a313b4e3b7d),
('8JRLc6wwXKz4DOiuNiEzOtA6dZCNkbOZ', 1516340512, 0x613a323a7b693a303b4e3b693a313b4e3b7d),
('902b1fbaa1e78708e9fff6412912a8b9', 1516276319, 0x613a323a7b693a303b4e3b693a313b4e3b7d),
('963454f612a8b5fb4a63ba1e97f028a1', 0, 0x613a323a7b693a303b613a323a7b693a303b613a31353a7b693a303b4f3a31363a227969695c726573745c55726c52756c65223a31323a7b733a363a22707265666978223b733a303a22223b733a363a22737566666978223b4e3b733a31303a22636f6e74726f6c6c6572223b613a313a7b733a31313a2276302f70726f66696c6573223b733a31303a2276302f70726f66696c65223b7d733a343a226f6e6c79223b613a353a7b693a303b733a363a22637265617465223b693a313b733a363a22757064617465223b693a323b733a363a2264656c657465223b693a333b733a353a22696e646578223b693a343b733a343a2276696577223b7d733a363a22657863657074223b613a303a7b7d733a31333a2265787472615061747465726e73223b613a353a7b733a343a22504f5354223b733a363a22637265617465223b733a31373a22505554207b7061796d656e744e616d657d223b733a363a22757064617465223b733a32303a2244454c455445207b7061796d656e744e616d657d223b733a363a2264656c657465223b733a31373a22474554207b7061796d656e744e616d657d223b733a343a2276696577223b733a333a22474554223b733a353a22696e646578223b7d733a363a22746f6b656e73223b613a313a7b733a31333a227b7061796d656e744e616d657d223b733a32313a223c7061796d656e744e616d653a5b5c775c645d2a3e223b7d733a383a227061747465726e73223b613a373a7b733a31343a225055542c5041544348207b69647d223b733a363a22757064617465223b733a31313a2244454c455445207b69647d223b733a363a2264656c657465223b733a31333a224745542c48454144207b69647d223b733a343a2276696577223b733a343a22504f5354223b733a363a22637265617465223b733a383a224745542c48454144223b733a353a22696e646578223b733a343a227b69647d223b733a373a226f7074696f6e73223b733a303a22223b733a373a226f7074696f6e73223b7d733a31303a2272756c65436f6e666967223b613a313a7b733a353a22636c617373223b733a31353a227969695c7765625c55726c52756c65223b7d733a393a22706c7572616c697a65223b623a313b733a383a22002a0072756c6573223b613a313a7b733a31313a2276302f70726f66696c6573223b613a393a7b693a303b4f3a31353a227969695c7765625c55726c52756c65223a31363a7b733a343a226e616d65223b733a31313a2276302f70726f66696c6573223b733a373a227061747465726e223b733a31363a22235e76302f70726f66696c6573242375223b733a343a22686f7374223b4e3b733a353a22726f757465223b733a31373a2276302f70726f66696c652f637265617465223b733a383a2264656661756c7473223b613a303a7b7d733a363a22737566666978223b4e3b733a343a2276657262223b613a313a7b693a303b733a343a22504f5354223b7d733a343a226d6f6465223b693a313b733a31323a22656e636f6465506172616d73223b623a313b733a31303a226e6f726d616c697a6572223b4e3b733a31353a22002a00637265617465537461747573223b4e3b733a31353a22002a00706c616365686f6c64657273223b613a303a7b7d733a32363a22007969695c7765625c55726c52756c65005f74656d706c617465223b733a31333a222f76302f70726f66696c65732f223b733a32373a22007969695c7765625c55726c52756c65005f726f75746552756c65223b4e3b733a32383a22007969695c7765625c55726c52756c65005f706172616d52756c6573223b613a303a7b7d733a32393a22007969695c7765625c55726c52756c65005f726f757465506172616d73223b613a303a7b7d7d693a313b4f3a31353a227969695c7765625c55726c52756c65223a31363a7b733a343a226e616d65223b733a33333a2276302f70726f66696c65732f3c7061796d656e744e616d653a5b5c775c645d2a3e223b733a373a227061747465726e223b733a33393a22235e76302f70726f66696c65732f283f503c6138343139303966363e5b5c775c645d2a29242375223b733a343a22686f7374223b4e3b733a353a22726f757465223b733a31373a2276302f70726f66696c652f757064617465223b733a383a2264656661756c7473223b613a303a7b7d733a363a22737566666978223b4e3b733a343a2276657262223b613a313a7b693a303b733a333a22505554223b7d733a343a226d6f6465223b693a313b733a31323a22656e636f6465506172616d73223b623a313b733a31303a226e6f726d616c697a6572223b4e3b733a31353a22002a00637265617465537461747573223b4e3b733a31353a22002a00706c616365686f6c64657273223b613a313a7b733a393a22613834313930396636223b733a31313a227061796d656e744e616d65223b7d733a32363a22007969695c7765625c55726c52756c65005f74656d706c617465223b733a32373a222f76302f70726f66696c65732f3c7061796d656e744e616d653e2f223b733a32373a22007969695c7765625c55726c52756c65005f726f75746552756c65223b4e3b733a32383a22007969695c7765625c55726c52756c65005f706172616d52756c6573223b613a313a7b733a31313a227061796d656e744e616d65223b733a31323a22235e5b5c775c645d2a242375223b7d733a32393a22007969695c7765625c55726c52756c65005f726f757465506172616d73223b613a303a7b7d7d693a323b4f3a31353a227969695c7765625c55726c52756c65223a31363a7b733a343a226e616d65223b733a33333a2276302f70726f66696c65732f3c7061796d656e744e616d653a5b5c775c645d2a3e223b733a373a227061747465726e223b733a33393a22235e76302f70726f66696c65732f283f503c6138343139303966363e5b5c775c645d2a29242375223b733a343a22686f7374223b4e3b733a353a22726f757465223b733a31373a2276302f70726f66696c652f64656c657465223b733a383a2264656661756c7473223b613a303a7b7d733a363a22737566666978223b4e3b733a343a2276657262223b613a313a7b693a303b733a363a2244454c455445223b7d733a343a226d6f6465223b693a313b733a31323a22656e636f6465506172616d73223b623a313b733a31303a226e6f726d616c697a6572223b4e3b733a31353a22002a00637265617465537461747573223b4e3b733a31353a22002a00706c616365686f6c64657273223b613a313a7b733a393a22613834313930396636223b733a31313a227061796d656e744e616d65223b7d733a32363a22007969695c7765625c55726c52756c65005f74656d706c617465223b733a32373a222f76302f70726f66696c65732f3c7061796d656e744e616d653e2f223b733a32373a22007969695c7765625c55726c52756c65005f726f75746552756c65223b4e3b733a32383a22007969695c7765625c55726c52756c65005f706172616d52756c6573223b613a313a7b733a31313a227061796d656e744e616d65223b733a31323a22235e5b5c775c645d2a242375223b7d733a32393a22007969695c7765625c55726c52756c65005f726f757465506172616d73223b613a303a7b7d7d693a333b4f3a31353a227969695c7765625c55726c52756c65223a31363a7b733a343a226e616d65223b733a33333a2276302f70726f66696c65732f3c7061796d656e744e616d653a5b5c775c645d2a3e223b733a373a227061747465726e223b733a33393a22235e76302f70726f66696c65732f283f503c6138343139303966363e5b5c775c645d2a29242375223b733a343a22686f7374223b4e3b733a353a22726f757465223b733a31353a2276302f70726f66696c652f76696577223b733a383a2264656661756c7473223b613a303a7b7d733a363a22737566666978223b4e3b733a343a2276657262223b613a313a7b693a303b733a333a22474554223b7d733a343a226d6f6465223b4e3b733a31323a22656e636f6465506172616d73223b623a313b733a31303a226e6f726d616c697a6572223b4e3b733a31353a22002a00637265617465537461747573223b4e3b733a31353a22002a00706c616365686f6c64657273223b613a313a7b733a393a22613834313930396636223b733a31313a227061796d656e744e616d65223b7d733a32363a22007969695c7765625c55726c52756c65005f74656d706c617465223b733a32373a222f76302f70726f66696c65732f3c7061796d656e744e616d653e2f223b733a32373a22007969695c7765625c55726c52756c65005f726f75746552756c65223b4e3b733a32383a22007969695c7765625c55726c52756c65005f706172616d52756c6573223b613a313a7b733a31313a227061796d656e744e616d65223b733a31323a22235e5b5c775c645d2a242375223b7d733a32393a22007969695c7765625c55726c52756c65005f726f757465506172616d73223b613a303a7b7d7d693a343b4f3a31353a227969695c7765625c55726c52756c65223a31363a7b733a343a226e616d65223b733a31313a2276302f70726f66696c6573223b733a373a227061747465726e223b733a31363a22235e76302f70726f66696c6573242375223b733a343a22686f7374223b4e3b733a353a22726f757465223b733a31363a2276302f70726f66696c652f696e646578223b733a383a2264656661756c7473223b613a303a7b7d733a363a22737566666978223b4e3b733a343a2276657262223b613a313a7b693a303b733a333a22474554223b7d733a343a226d6f6465223b4e3b733a31323a22656e636f6465506172616d73223b623a313b733a31303a226e6f726d616c697a6572223b4e3b733a31353a22002a00637265617465537461747573223b4e3b733a31353a22002a00706c616365686f6c64657273223b613a303a7b7d733a32363a22007969695c7765625c55726c52756c65005f74656d706c617465223b733a31333a222f76302f70726f66696c65732f223b733a32373a22007969695c7765625c55726c52756c65005f726f75746552756c65223b4e3b733a32383a22007969695c7765625c55726c52756c65005f706172616d52756c6573223b613a303a7b7d733a32393a22007969695c7765625c55726c52756c65005f726f757465506172616d73223b613a303a7b7d7d693a353b4f3a31353a227969695c7765625c55726c52756c65223a31363a7b733a343a226e616d65223b733a31363a2276302f70726f66696c65732f7b69647d223b733a373a227061747465726e223b733a32313a22235e76302f70726f66696c65732f7b69647d242375223b733a343a22686f7374223b4e3b733a353a22726f757465223b733a31373a2276302f70726f66696c652f757064617465223b733a383a2264656661756c7473223b613a303a7b7d733a363a22737566666978223b4e3b733a343a2276657262223b613a323a7b693a303b733a333a22505554223b693a313b733a353a225041544348223b7d733a343a226d6f6465223b693a313b733a31323a22656e636f6465506172616d73223b623a313b733a31303a226e6f726d616c697a6572223b4e3b733a31353a22002a00637265617465537461747573223b4e3b733a31353a22002a00706c616365686f6c64657273223b613a303a7b7d733a32363a22007969695c7765625c55726c52756c65005f74656d706c617465223b733a31383a222f76302f70726f66696c65732f7b69647d2f223b733a32373a22007969695c7765625c55726c52756c65005f726f75746552756c65223b4e3b733a32383a22007969695c7765625c55726c52756c65005f706172616d52756c6573223b613a303a7b7d733a32393a22007969695c7765625c55726c52756c65005f726f757465506172616d73223b613a303a7b7d7d693a363b4f3a31353a227969695c7765625c55726c52756c65223a31363a7b733a343a226e616d65223b733a31363a2276302f70726f66696c65732f7b69647d223b733a373a227061747465726e223b733a32313a22235e76302f70726f66696c65732f7b69647d242375223b733a343a22686f7374223b4e3b733a353a22726f757465223b733a31373a2276302f70726f66696c652f64656c657465223b733a383a2264656661756c7473223b613a303a7b7d733a363a22737566666978223b4e3b733a343a2276657262223b613a313a7b693a303b733a363a2244454c455445223b7d733a343a226d6f6465223b693a313b733a31323a22656e636f6465506172616d73223b623a313b733a31303a226e6f726d616c697a6572223b4e3b733a31353a22002a00637265617465537461747573223b4e3b733a31353a22002a00706c616365686f6c64657273223b613a303a7b7d733a32363a22007969695c7765625c55726c52756c65005f74656d706c617465223b733a31383a222f76302f70726f66696c65732f7b69647d2f223b733a32373a22007969695c7765625c55726c52756c65005f726f75746552756c65223b4e3b733a32383a22007969695c7765625c55726c52756c65005f706172616d52756c6573223b613a303a7b7d733a32393a22007969695c7765625c55726c52756c65005f726f757465506172616d73223b613a303a7b7d7d693a373b4f3a31353a227969695c7765625c55726c52756c65223a31363a7b733a343a226e616d65223b733a31363a2276302f70726f66696c65732f7b69647d223b733a373a227061747465726e223b733a32313a22235e76302f70726f66696c65732f7b69647d242375223b733a343a22686f7374223b4e3b733a353a22726f757465223b733a31353a2276302f70726f66696c652f76696577223b733a383a2264656661756c7473223b613a303a7b7d733a363a22737566666978223b4e3b733a343a2276657262223b613a323a7b693a303b733a333a22474554223b693a313b733a343a2248454144223b7d733a343a226d6f6465223b4e3b733a31323a22656e636f6465506172616d73223b623a313b733a31303a226e6f726d616c697a6572223b4e3b733a31353a22002a00637265617465537461747573223b4e3b733a31353a22002a00706c616365686f6c64657273223b613a303a7b7d733a32363a22007969695c7765625c55726c52756c65005f74656d706c617465223b733a31383a222f76302f70726f66696c65732f7b69647d2f223b733a32373a22007969695c7765625c55726c52756c65005f726f75746552756c65223b4e3b733a32383a22007969695c7765625c55726c52756c65005f706172616d52756c6573223b613a303a7b7d733a32393a22007969695c7765625c55726c52756c65005f726f757465506172616d73223b613a303a7b7d7d693a383b4f3a31353a227969695c7765625c55726c52756c65223a31363a7b733a343a226e616d65223b733a31313a2276302f70726f66696c6573223b733a373a227061747465726e223b733a31363a22235e76302f70726f66696c6573242375223b733a343a22686f7374223b4e3b733a353a22726f757465223b733a31363a2276302f70726f66696c652f696e646578223b733a383a2264656661756c7473223b613a303a7b7d733a363a22737566666978223b4e3b733a343a2276657262223b613a323a7b693a303b733a333a22474554223b693a313b733a343a2248454144223b7d733a343a226d6f6465223b4e3b733a31323a22656e636f6465506172616d73223b623a313b733a31303a226e6f726d616c697a6572223b4e3b733a31353a22002a00637265617465537461747573223b4e3b733a31353a22002a00706c616365686f6c64657273223b613a303a7b7d733a32363a22007969695c7765625c55726c52756c65005f74656d706c617465223b733a31333a222f76302f70726f66696c65732f223b733a32373a22007969695c7765625c55726c52756c65005f726f75746552756c65223b4e3b733a32383a22007969695c7765625c55726c52756c65005f706172616d52756c6573223b613a303a7b7d733a32393a22007969695c7765625c55726c52756c65005f726f757465506172616d73223b613a303a7b7d7d7d7d733a31353a22002a00637265617465537461747573223b4e3b7d693a313b4f3a31363a227969695c726573745c55726c52756c65223a31323a7b733a363a22707265666978223b733a303a22223b733a363a22737566666978223b4e3b733a31303a22636f6e74726f6c6c6572223b613a313a7b733a383a2276302f6361726473223b733a373a2276302f63617264223b7d733a343a226f6e6c79223b613a343a7b693a303b733a353a22696e646578223b693a313b733a363a22637265617465223b693a323b733a363a2264656c657465223b693a333b733a353a22636865636b223b7d733a363a22657863657074223b613a303a7b7d733a31333a2265787472615061747465726e73223b613a343a7b733a32393a22504f5354207b7061796d656e744e616d657d2f7b636c69656e7449647d223b733a363a22637265617465223b733a33373a2244454c455445207b7061796d656e744e616d657d2f7b636c69656e7449647d2f7b70616e7d223b733a363a2264656c657465223b733a32383a22474554207b7061796d656e744e616d657d2f7b636c69656e7449647d223b733a353a22696e646578223b733a32383a22505554207b7061796d656e744e616d657d2f7b636c69656e7449647d223b733a353a22636865636b223b7d733a363a22746f6b656e73223b613a333a7b733a31333a227b7061796d656e744e616d657d223b733a32313a223c7061796d656e744e616d653a5b5c775c645d2a3e223b733a31303a227b636c69656e7449647d223b733a31383a223c636c69656e7449643a5b5c775c645d2a3e223b733a353a227b70616e7d223b733a31353a223c70616e3a5b7c2a5c775c645d2a3e223b7d733a383a227061747465726e73223b613a373a7b733a31343a225055542c5041544348207b69647d223b733a363a22757064617465223b733a31313a2244454c455445207b69647d223b733a363a2264656c657465223b733a31333a224745542c48454144207b69647d223b733a343a2276696577223b733a343a22504f5354223b733a363a22637265617465223b733a383a224745542c48454144223b733a353a22696e646578223b733a343a227b69647d223b733a373a226f7074696f6e73223b733a303a22223b733a373a226f7074696f6e73223b7d733a31303a2272756c65436f6e666967223b613a313a7b733a353a22636c617373223b733a31353a227969695c7765625c55726c52756c65223b7d733a393a22706c7572616c697a65223b623a313b733a383a22002a0072756c6573223b613a313a7b733a383a2276302f6361726473223b613a373a7b693a303b4f3a31353a227969695c7765625c55726c52756c65223a31363a7b733a343a226e616d65223b733a34393a2276302f63617264732f3c7061796d656e744e616d653a5b5c775c645d2a3e2f3c636c69656e7449643a5b5c775c645d2a3e223b733a373a227061747465726e223b733a35393a22235e76302f63617264732f283f503c6138343139303966363e5b5c775c645d2a292f283f503c6165613163653962653e5b5c775c645d2a29242375223b733a343a22686f7374223b4e3b733a353a22726f757465223b733a31343a2276302f636172642f637265617465223b733a383a2264656661756c7473223b613a303a7b7d733a363a22737566666978223b4e3b733a343a2276657262223b613a313a7b693a303b733a343a22504f5354223b7d733a343a226d6f6465223b693a313b733a31323a22656e636f6465506172616d73223b623a313b733a31303a226e6f726d616c697a6572223b4e3b733a31353a22002a00637265617465537461747573223b4e3b733a31353a22002a00706c616365686f6c64657273223b613a323a7b733a393a22613834313930396636223b733a31313a227061796d656e744e616d65223b733a393a22616561316365396265223b733a383a22636c69656e744964223b7d733a32363a22007969695c7765625c55726c52756c65005f74656d706c617465223b733a33353a222f76302f63617264732f3c7061796d656e744e616d653e2f3c636c69656e7449643e2f223b733a32373a22007969695c7765625c55726c52756c65005f726f75746552756c65223b4e3b733a32383a22007969695c7765625c55726c52756c65005f706172616d52756c6573223b613a323a7b733a31313a227061796d656e744e616d65223b733a31323a22235e5b5c775c645d2a242375223b733a383a22636c69656e744964223b733a31323a22235e5b5c775c645d2a242375223b7d733a32393a22007969695c7765625c55726c52756c65005f726f757465506172616d73223b613a303a7b7d7d693a313b4f3a31353a227969695c7765625c55726c52756c65223a31363a7b733a343a226e616d65223b733a36353a2276302f63617264732f3c7061796d656e744e616d653a5b5c775c645d2a3e2f3c636c69656e7449643a5b5c775c645d2a3e2f3c70616e3a5b7c2a5c775c645d2a3e223b733a373a227061747465726e223b733a38343a22235e76302f63617264732f283f503c6138343139303966363e5b5c775c645d2a292f283f503c6165613163653962653e5b5c775c645d2a292f283f503c6137643563613766623e5b7c2a5c775c645d2a29242375223b733a343a22686f7374223b4e3b733a353a22726f757465223b733a31343a2276302f636172642f64656c657465223b733a383a2264656661756c7473223b613a303a7b7d733a363a22737566666978223b4e3b733a343a2276657262223b613a313a7b693a303b733a363a2244454c455445223b7d733a343a226d6f6465223b693a313b733a31323a22656e636f6465506172616d73223b623a313b733a31303a226e6f726d616c697a6572223b4e3b733a31353a22002a00637265617465537461747573223b4e3b733a31353a22002a00706c616365686f6c64657273223b613a333a7b733a393a22613834313930396636223b733a31313a227061796d656e744e616d65223b733a393a22616561316365396265223b733a383a22636c69656e744964223b733a393a22613764356361376662223b733a333a2270616e223b7d733a32363a22007969695c7765625c55726c52756c65005f74656d706c617465223b733a34313a222f76302f63617264732f3c7061796d656e744e616d653e2f3c636c69656e7449643e2f3c70616e3e2f223b733a32373a22007969695c7765625c55726c52756c65005f726f75746552756c65223b4e3b733a32383a22007969695c7765625c55726c52756c65005f706172616d52756c6573223b613a333a7b733a31313a227061796d656e744e616d65223b733a31323a22235e5b5c775c645d2a242375223b733a383a22636c69656e744964223b733a31323a22235e5b5c775c645d2a242375223b733a333a2270616e223b733a31343a22235e5b7c2a5c775c645d2a242375223b7d733a32393a22007969695c7765625c55726c52756c65005f726f757465506172616d73223b613a303a7b7d7d693a323b4f3a31353a227969695c7765625c55726c52756c65223a31363a7b733a343a226e616d65223b733a34393a2276302f63617264732f3c7061796d656e744e616d653a5b5c775c645d2a3e2f3c636c69656e7449643a5b5c775c645d2a3e223b733a373a227061747465726e223b733a35393a22235e76302f63617264732f283f503c6138343139303966363e5b5c775c645d2a292f283f503c6165613163653962653e5b5c775c645d2a29242375223b733a343a22686f7374223b4e3b733a353a22726f757465223b733a31333a2276302f636172642f696e646578223b733a383a2264656661756c7473223b613a303a7b7d733a363a22737566666978223b4e3b733a343a2276657262223b613a313a7b693a303b733a333a22474554223b7d733a343a226d6f6465223b4e3b733a31323a22656e636f6465506172616d73223b623a313b733a31303a226e6f726d616c697a6572223b4e3b733a31353a22002a00637265617465537461747573223b4e3b733a31353a22002a00706c616365686f6c64657273223b613a323a7b733a393a22613834313930396636223b733a31313a227061796d656e744e616d65223b733a393a22616561316365396265223b733a383a22636c69656e744964223b7d733a32363a22007969695c7765625c55726c52756c65005f74656d706c617465223b733a33353a222f76302f63617264732f3c7061796d656e744e616d653e2f3c636c69656e7449643e2f223b733a32373a22007969695c7765625c55726c52756c65005f726f75746552756c65223b4e3b733a32383a22007969695c7765625c55726c52756c65005f706172616d52756c6573223b613a323a7b733a31313a227061796d656e744e616d65223b733a31323a22235e5b5c775c645d2a242375223b733a383a22636c69656e744964223b733a31323a22235e5b5c775c645d2a242375223b7d733a32393a22007969695c7765625c55726c52756c65005f726f757465506172616d73223b613a303a7b7d7d693a333b4f3a31353a227969695c7765625c55726c52756c65223a31363a7b733a343a226e616d65223b733a34393a2276302f63617264732f3c7061796d656e744e616d653a5b5c775c645d2a3e2f3c636c69656e7449643a5b5c775c645d2a3e223b733a373a227061747465726e223b733a35393a22235e76302f63617264732f283f503c6138343139303966363e5b5c775c645d2a292f283f503c6165613163653962653e5b5c775c645d2a29242375223b733a343a22686f7374223b4e3b733a353a22726f757465223b733a31333a2276302f636172642f636865636b223b733a383a2264656661756c7473223b613a303a7b7d733a363a22737566666978223b4e3b733a343a2276657262223b613a313a7b693a303b733a333a22505554223b7d733a343a226d6f6465223b693a313b733a31323a22656e636f6465506172616d73223b623a313b733a31303a226e6f726d616c697a6572223b4e3b733a31353a22002a00637265617465537461747573223b4e3b733a31353a22002a00706c616365686f6c64657273223b613a323a7b733a393a22613834313930396636223b733a31313a227061796d656e744e616d65223b733a393a22616561316365396265223b733a383a22636c69656e744964223b7d733a32363a22007969695c7765625c55726c52756c65005f74656d706c617465223b733a33353a222f76302f63617264732f3c7061796d656e744e616d653e2f3c636c69656e7449643e2f223b733a32373a22007969695c7765625c55726c52756c65005f726f75746552756c65223b4e3b733a32383a22007969695c7765625c55726c52756c65005f706172616d52756c6573223b613a323a7b733a31313a227061796d656e744e616d65223b733a31323a22235e5b5c775c645d2a242375223b733a383a22636c69656e744964223b733a31323a22235e5b5c775c645d2a242375223b7d733a32393a22007969695c7765625c55726c52756c65005f726f757465506172616d73223b613a303a7b7d7d693a343b4f3a31353a227969695c7765625c55726c52756c65223a31363a7b733a343a226e616d65223b733a31333a2276302f63617264732f7b69647d223b733a373a227061747465726e223b733a31383a22235e76302f63617264732f7b69647d242375223b733a343a22686f7374223b4e3b733a353a22726f757465223b733a31343a2276302f636172642f64656c657465223b733a383a2264656661756c7473223b613a303a7b7d733a363a22737566666978223b4e3b733a343a2276657262223b613a313a7b693a303b733a363a2244454c455445223b7d733a343a226d6f6465223b693a313b733a31323a22656e636f6465506172616d73223b623a313b733a31303a226e6f726d616c697a6572223b4e3b733a31353a22002a00637265617465537461747573223b4e3b733a31353a22002a00706c616365686f6c64657273223b613a303a7b7d733a32363a22007969695c7765625c55726c52756c65005f74656d706c617465223b733a31353a222f76302f63617264732f7b69647d2f223b733a32373a22007969695c7765625c55726c52756c65005f726f75746552756c65223b4e3b733a32383a22007969695c7765625c55726c52756c65005f706172616d52756c6573223b613a303a7b7d733a32393a22007969695c7765625c55726c52756c65005f726f757465506172616d73223b613a303a7b7d7d693a353b4f3a31353a227969695c7765625c55726c52756c65223a31363a7b733a343a226e616d65223b733a383a2276302f6361726473223b733a373a227061747465726e223b733a31333a22235e76302f6361726473242375223b733a343a22686f7374223b4e3b733a353a22726f757465223b733a31343a2276302f636172642f637265617465223b733a383a2264656661756c7473223b613a303a7b7d733a363a22737566666978223b4e3b733a343a2276657262223b613a313a7b693a303b733a343a22504f5354223b7d733a343a226d6f6465223b693a313b733a31323a22656e636f6465506172616d73223b623a313b733a31303a226e6f726d616c697a6572223b4e3b733a31353a22002a00637265617465537461747573223b4e3b733a31353a22002a00706c616365686f6c64657273223b613a303a7b7d733a32363a22007969695c7765625c55726c52756c65005f74656d706c617465223b733a31303a222f76302f63617264732f223b733a32373a22007969695c7765625c55726c52756c65005f726f75746552756c65223b4e3b733a32383a22007969695c7765625c55726c52756c65005f706172616d52756c6573223b613a303a7b7d733a32393a22007969695c7765625c55726c52756c65005f726f757465506172616d73223b613a303a7b7d7d693a363b4f3a31353a227969695c7765625c55726c52756c65223a31363a7b733a343a226e616d65223b733a383a2276302f6361726473223b733a373a227061747465726e223b733a31333a22235e76302f6361726473242375223b733a343a22686f7374223b4e3b733a353a22726f757465223b733a31333a2276302f636172642f696e646578223b733a383a2264656661756c7473223b613a303a7b7d733a363a22737566666978223b4e3b733a343a2276657262223b613a323a7b693a303b733a333a22474554223b693a313b733a343a2248454144223b7d733a343a226d6f6465223b4e3b733a31323a22656e636f6465506172616d73223b623a313b733a31303a226e6f726d616c697a6572223b4e3b733a31353a22002a00637265617465537461747573223b4e3b733a31353a22002a00706c616365686f6c64657273223b613a303a7b7d733a32363a22007969695c7765625c55726c52756c65005f74656d706c617465223b733a31303a222f76302f63617264732f223b733a32373a22007969695c7765625c55726c52756c65005f726f75746552756c65223b4e3b733a32383a22007969695c7765625c55726c52756c65005f706172616d52756c6573223b613a303a7b7d733a32393a22007969695c7765625c55726c52756c65005f726f757465506172616d73223b613a303a7b7d7d7d7d733a31353a22002a00637265617465537461747573223b4e3b7d693a323b4f3a31363a227969695c726573745c55726c52756c65223a31323a7b733a363a22707265666978223b733a303a22223b733a363a22737566666978223b4e3b733a31303a22636f6e74726f6c6c6572223b613a313a7b733a31313a2276302f7061796d656e7473223b733a31303a2276302f7061796d656e74223b7d733a343a226f6e6c79223b613a333a7b693a303b733a373a226465706f736974223b693a313b733a363a22726566756e64223b693a323b733a363a22737461747573223b7d733a363a22657863657074223b613a303a7b7d733a31333a2265787472615061747465726e73223b613a333a7b733a32393a22504f5354207b7061796d656e744e616d657d2f7b636c69656e7449647d223b733a373a226465706f736974223b733a33393a22504f5354207b7061796d656e744e616d657d2f7b636c69656e7449647d2f7b6f7264657249647d223b733a363a22726566756e64223b733a33383a22474554207b7061796d656e744e616d657d2f7b636c69656e7449647d2f7b6f7264657249647d223b733a363a22737461747573223b7d733a363a22746f6b656e73223b613a333a7b733a31333a227b7061796d656e744e616d657d223b733a32313a223c7061796d656e744e616d653a5b5c775c645d2a3e223b733a31303a227b636c69656e7449647d223b733a31383a223c636c69656e7449643a5b5c775c645d2a3e223b733a393a227b6f7264657249647d223b733a31383a223c6f7264657249643a5b2d5c775c645d2a3e223b7d733a383a227061747465726e73223b613a373a7b733a31343a225055542c5041544348207b69647d223b733a363a22757064617465223b733a31313a2244454c455445207b69647d223b733a363a2264656c657465223b733a31333a224745542c48454144207b69647d223b733a343a2276696577223b733a343a22504f5354223b733a363a22637265617465223b733a383a224745542c48454144223b733a353a22696e646578223b733a343a227b69647d223b733a373a226f7074696f6e73223b733a303a22223b733a373a226f7074696f6e73223b7d733a31303a2272756c65436f6e666967223b613a313a7b733a353a22636c617373223b733a31353a227969695c7765625c55726c52756c65223b7d733a393a22706c7572616c697a65223b623a313b733a383a22002a0072756c6573223b613a313a7b733a31313a2276302f7061796d656e7473223b613a333a7b693a303b4f3a31353a227969695c7765625c55726c52756c65223a31363a7b733a343a226e616d65223b733a35323a2276302f7061796d656e74732f3c7061796d656e744e616d653a5b5c775c645d2a3e2f3c636c69656e7449643a5b5c775c645d2a3e223b733a373a227061747465726e223b733a36323a22235e76302f7061796d656e74732f283f503c6138343139303966363e5b5c775c645d2a292f283f503c6165613163653962653e5b5c775c645d2a29242375223b733a343a22686f7374223b4e3b733a353a22726f757465223b733a31383a2276302f7061796d656e742f6465706f736974223b733a383a2264656661756c7473223b613a303a7b7d733a363a22737566666978223b4e3b733a343a2276657262223b613a313a7b693a303b733a343a22504f5354223b7d733a343a226d6f6465223b693a313b733a31323a22656e636f6465506172616d73223b623a313b733a31303a226e6f726d616c697a6572223b4e3b733a31353a22002a00637265617465537461747573223b4e3b733a31353a22002a00706c616365686f6c64657273223b613a323a7b733a393a22613834313930396636223b733a31313a227061796d656e744e616d65223b733a393a22616561316365396265223b733a383a22636c69656e744964223b7d733a32363a22007969695c7765625c55726c52756c65005f74656d706c617465223b733a33383a222f76302f7061796d656e74732f3c7061796d656e744e616d653e2f3c636c69656e7449643e2f223b733a32373a22007969695c7765625c55726c52756c65005f726f75746552756c65223b4e3b733a32383a22007969695c7765625c55726c52756c65005f706172616d52756c6573223b613a323a7b733a31313a227061796d656e744e616d65223b733a31323a22235e5b5c775c645d2a242375223b733a383a22636c69656e744964223b733a31323a22235e5b5c775c645d2a242375223b7d733a32393a22007969695c7765625c55726c52756c65005f726f757465506172616d73223b613a303a7b7d7d693a313b4f3a31353a227969695c7765625c55726c52756c65223a31363a7b733a343a226e616d65223b733a37313a2276302f7061796d656e74732f3c7061796d656e744e616d653a5b5c775c645d2a3e2f3c636c69656e7449643a5b5c775c645d2a3e2f3c6f7264657249643a5b2d5c775c645d2a3e223b733a373a227061747465726e223b733a38363a22235e76302f7061796d656e74732f283f503c6138343139303966363e5b5c775c645d2a292f283f503c6165613163653962653e5b5c775c645d2a292f283f503c6166613233373433373e5b2d5c775c645d2a29242375223b733a343a22686f7374223b4e3b733a353a22726f757465223b733a31373a2276302f7061796d656e742f726566756e64223b733a383a2264656661756c7473223b613a303a7b7d733a363a22737566666978223b4e3b733a343a2276657262223b613a313a7b693a303b733a343a22504f5354223b7d733a343a226d6f6465223b693a313b733a31323a22656e636f6465506172616d73223b623a313b733a31303a226e6f726d616c697a6572223b4e3b733a31353a22002a00637265617465537461747573223b4e3b733a31353a22002a00706c616365686f6c64657273223b613a333a7b733a393a22613834313930396636223b733a31313a227061796d656e744e616d65223b733a393a22616561316365396265223b733a383a22636c69656e744964223b733a393a22616661323337343337223b733a373a226f726465724964223b7d733a32363a22007969695c7765625c55726c52756c65005f74656d706c617465223b733a34383a222f76302f7061796d656e74732f3c7061796d656e744e616d653e2f3c636c69656e7449643e2f3c6f7264657249643e2f223b733a32373a22007969695c7765625c55726c52756c65005f726f75746552756c65223b4e3b733a32383a22007969695c7765625c55726c52756c65005f706172616d52756c6573223b613a333a7b733a31313a227061796d656e744e616d65223b733a31323a22235e5b5c775c645d2a242375223b733a383a22636c69656e744964223b733a31323a22235e5b5c775c645d2a242375223b733a373a226f726465724964223b733a31333a22235e5b2d5c775c645d2a242375223b7d733a32393a22007969695c7765625c55726c52756c65005f726f757465506172616d73223b613a303a7b7d7d693a323b4f3a31353a227969695c7765625c55726c52756c65223a31363a7b733a343a226e616d65223b733a37313a2276302f7061796d656e74732f3c7061796d656e744e616d653a5b5c775c645d2a3e2f3c636c69656e7449643a5b5c775c645d2a3e2f3c6f7264657249643a5b2d5c775c645d2a3e223b733a373a227061747465726e223b733a38363a22235e76302f7061796d656e74732f283f503c6138343139303966363e5b5c775c645d2a292f283f503c6165613163653962653e5b5c775c645d2a292f283f503c6166613233373433373e5b2d5c775c645d2a29242375223b733a343a22686f7374223b4e3b733a353a22726f757465223b733a31373a2276302f7061796d656e742f737461747573223b733a383a2264656661756c7473223b613a303a7b7d733a363a22737566666978223b4e3b733a343a2276657262223b613a313a7b693a303b733a333a22474554223b7d733a343a226d6f6465223b4e3b733a31323a22656e636f6465506172616d73223b623a313b733a31303a226e6f726d616c697a6572223b4e3b733a31353a22002a00637265617465537461747573223b4e3b733a31353a22002a00706c616365686f6c64657273223b613a333a7b733a393a22613834313930396636223b733a31313a227061796d656e744e616d65223b733a393a22616561316365396265223b733a383a22636c69656e744964223b733a393a22616661323337343337223b733a373a226f726465724964223b7d733a32363a22007969695c7765625c55726c52756c65005f74656d706c617465223b733a34383a222f76302f7061796d656e74732f3c7061796d656e744e616d653e2f3c636c69656e7449643e2f3c6f7264657249643e2f223b733a32373a22007969695c7765625c55726c52756c65005f726f75746552756c65223b4e3b733a32383a22007969695c7765625c55726c52756c65005f706172616d52756c6573223b613a333a7b733a31313a227061796d656e744e616d65223b733a31323a22235e5b5c775c645d2a242375223b733a383a22636c69656e744964223b733a31323a22235e5b5c775c645d2a242375223b733a373a226f726465724964223b733a31333a22235e5b2d5c775c645d2a242375223b7d733a32393a22007969695c7765625c55726c52756c65005f726f757465506172616d73223b613a303a7b7d7d7d7d733a31353a22002a00637265617465537461747573223b4e3b7d693a333b4f3a31353a227969695c7765625c55726c52756c65223a31363a7b733a343a226e616d65223b733a32323a2276302f79616e6465782f6f726465722f6661696c6564223b733a373a227061747465726e223b733a32373a22235e76302f79616e6465782f6f726465722f6661696c6564242375223b733a343a22686f7374223b4e3b733a353a22726f757465223b733a32363a2276302f79616e6465782f6f726465722f6765742d6661696c6564223b733a383a2264656661756c7473223b613a303a7b7d733a363a22737566666978223b4e3b733a343a2276657262223b4e3b733a343a226d6f6465223b4e3b733a31323a22656e636f6465506172616d73223b623a313b733a31303a226e6f726d616c697a6572223b4e3b733a31353a22002a00637265617465537461747573223b4e3b733a31353a22002a00706c616365686f6c64657273223b613a303a7b7d733a32363a22007969695c7765625c55726c52756c65005f74656d706c617465223b733a32343a222f76302f79616e6465782f6f726465722f6661696c65642f223b733a32373a22007969695c7765625c55726c52756c65005f726f75746552756c65223b4e3b733a32383a22007969695c7765625c55726c52756c65005f706172616d52756c6573223b613a303a7b7d733a32393a22007969695c7765625c55726c52756c65005f726f757465506172616d73223b613a303a7b7d7d693a343b4f3a31353a227969695c7765625c55726c52756c65223a31363a7b733a343a226e616d65223b733a32313a2276302f79616e6465782f6f726465722f636865636b223b733a373a227061747465726e223b733a32363a22235e76302f79616e6465782f6f726465722f636865636b242375223b733a343a22686f7374223b4e3b733a353a22726f757465223b733a32313a2276302f79616e6465782f6f726465722f636865636b223b733a383a2264656661756c7473223b613a303a7b7d733a363a22737566666978223b4e3b733a343a2276657262223b4e3b733a343a226d6f6465223b4e3b733a31323a22656e636f6465506172616d73223b623a313b733a31303a226e6f726d616c697a6572223b4e3b733a31353a22002a00637265617465537461747573223b4e3b733a31353a22002a00706c616365686f6c64657273223b613a303a7b7d733a32363a22007969695c7765625c55726c52756c65005f74656d706c617465223b733a32333a222f76302f79616e6465782f6f726465722f636865636b2f223b733a32373a22007969695c7765625c55726c52756c65005f726f75746552756c65223b4e3b733a32383a22007969695c7765625c55726c52756c65005f706172616d52756c6573223b613a303a7b7d733a32393a22007969695c7765625c55726c52756c65005f726f757465506172616d73223b613a303a7b7d7d693a353b4f3a31353a227969695c7765625c55726c52756c65223a31363a7b733a343a226e616d65223b733a32313a2276302f79616e6465782f6f726465722f617669736f223b733a373a227061747465726e223b733a32363a22235e76302f79616e6465782f6f726465722f617669736f242375223b733a343a22686f7374223b4e3b733a353a22726f757465223b733a32313a2276302f79616e6465782f6f726465722f617669736f223b733a383a2264656661756c7473223b613a303a7b7d733a363a22737566666978223b4e3b733a343a2276657262223b4e3b733a343a226d6f6465223b4e3b733a31323a22656e636f6465506172616d73223b623a313b733a31303a226e6f726d616c697a6572223b4e3b733a31353a22002a00637265617465537461747573223b4e3b733a31353a22002a00706c616365686f6c64657273223b613a303a7b7d733a32363a22007969695c7765625c55726c52756c65005f74656d706c617465223b733a32333a222f76302f79616e6465782f6f726465722f617669736f2f223b733a32373a22007969695c7765625c55726c52756c65005f726f75746552756c65223b4e3b733a32383a22007969695c7765625c55726c52756c65005f706172616d52756c6573223b613a303a7b7d733a32393a22007969695c7765625c55726c52756c65005f726f757465506172616d73223b613a303a7b7d7d693a363b4f3a31353a227969695c7765625c55726c52756c65223a31363a7b733a343a226e616d65223b733a36373a2276302f7374726970652f3c7061796d656e744e616d653a5b5c775c645d2b3e2f3c636c69656e7449643a5b5c775c645d2b3e2f3c6c6f63616c653a5b5c775c645d2b3e223b733a373a227061747465726e223b733a38333a22235e76302f7374726970652f283f503c6138343139303966363e5b5c775c645d2b292f283f503c6165613163653962653e5b5c775c645d2b292f283f503c6134313830633639383e5b5c775c645d2b29242375223b733a343a22686f7374223b4e3b733a353a22726f757465223b733a32333a2276302f7374726970652f72656769737472792f63617264223b733a383a2264656661756c7473223b613a303a7b7d733a363a22737566666978223b4e3b733a343a2276657262223b4e3b733a343a226d6f6465223b4e3b733a31323a22656e636f6465506172616d73223b623a313b733a31303a226e6f726d616c697a6572223b4e3b733a31353a22002a00637265617465537461747573223b4e3b733a31353a22002a00706c616365686f6c64657273223b613a333a7b733a393a22613834313930396636223b733a31313a227061796d656e744e616d65223b733a393a22616561316365396265223b733a383a22636c69656e744964223b733a393a22613431383063363938223b733a363a226c6f63616c65223b7d733a32363a22007969695c7765625c55726c52756c65005f74656d706c617465223b733a34353a222f76302f7374726970652f3c7061796d656e744e616d653e2f3c636c69656e7449643e2f3c6c6f63616c653e2f223b733a32373a22007969695c7765625c55726c52756c65005f726f75746552756c65223b4e3b733a32383a22007969695c7765625c55726c52756c65005f706172616d52756c6573223b613a333a7b733a31313a227061796d656e744e616d65223b733a31323a22235e5b5c775c645d2b242375223b733a383a22636c69656e744964223b733a31323a22235e5b5c775c645d2b242375223b733a363a226c6f63616c65223b733a31323a22235e5b5c775c645d2b242375223b7d733a32393a22007969695c7765625c55726c52756c65005f726f757465506172616d73223b613a303a7b7d7d693a373b4f3a31353a227969695c7765625c55726c52756c65223a31363a7b733a343a226e616d65223b733a33343a2276302f7374726970652f737563636573732f3c6c6f63616c653a5b5c775c645d2b3e223b733a373a227061747465726e223b733a34353a22235e76302f7374726970652f737563636573732f283f503c6134313830633639383e5b5c775c645d2b29242375223b733a343a22686f7374223b4e3b733a353a22726f757465223b733a32363a2276302f7374726970652f72656769737472792f73756363657373223b733a383a2264656661756c7473223b613a303a7b7d733a363a22737566666978223b4e3b733a343a2276657262223b4e3b733a343a226d6f6465223b4e3b733a31323a22656e636f6465506172616d73223b623a313b733a31303a226e6f726d616c697a6572223b4e3b733a31353a22002a00637265617465537461747573223b4e3b733a31353a22002a00706c616365686f6c64657273223b613a313a7b733a393a22613431383063363938223b733a363a226c6f63616c65223b7d733a32363a22007969695c7765625c55726c52756c65005f74656d706c617465223b733a32383a222f76302f7374726970652f737563636573732f3c6c6f63616c653e2f223b733a32373a22007969695c7765625c55726c52756c65005f726f75746552756c65223b4e3b733a32383a22007969695c7765625c55726c52756c65005f706172616d52756c6573223b613a313a7b733a363a226c6f63616c65223b733a31323a22235e5b5c775c645d2b242375223b7d733a32393a22007969695c7765625c55726c52756c65005f726f757465506172616d73223b613a303a7b7d7d693a383b4f3a31353a227969695c7765625c55726c52756c65223a31363a7b733a343a226e616d65223b733a33313a2276302f7374726970652f6661696c2f3c6c6f63616c653a5b5c775c645d2b3e223b733a373a227061747465726e223b733a34323a22235e76302f7374726970652f6661696c2f283f503c6134313830633639383e5b5c775c645d2b29242375223b733a343a22686f7374223b4e3b733a353a22726f757465223b733a32333a2276302f7374726970652f72656769737472792f6661696c223b733a383a2264656661756c7473223b613a303a7b7d733a363a22737566666978223b4e3b733a343a2276657262223b4e3b733a343a226d6f6465223b4e3b733a31323a22656e636f6465506172616d73223b623a313b733a31303a226e6f726d616c697a6572223b4e3b733a31353a22002a00637265617465537461747573223b4e3b733a31353a22002a00706c616365686f6c64657273223b613a313a7b733a393a22613431383063363938223b733a363a226c6f63616c65223b7d733a32363a22007969695c7765625c55726c52756c65005f74656d706c617465223b733a32353a222f76302f7374726970652f6661696c2f3c6c6f63616c653e2f223b733a32373a22007969695c7765625c55726c52756c65005f726f75746552756c65223b4e3b733a32383a22007969695c7765625c55726c52756c65005f706172616d52756c6573223b613a313a7b733a363a226c6f63616c65223b733a31323a22235e5b5c775c645d2b242375223b7d733a32393a22007969695c7765625c55726c52756c65005f726f757465506172616d73223b613a303a7b7d7d693a393b4f3a31353a227969695c7765625c55726c52756c65223a31363a7b733a343a226e616d65223b733a35353a2276302f706179636f6d2f636172642f3c7061796d656e744e616d653a5b5c775c645d2b3e2f3c636c69656e7449643a5b5c775c645d2b3e223b733a373a227061747465726e223b733a36353a22235e76302f706179636f6d2f636172642f283f503c6138343139303966363e5b5c775c645d2b292f283f503c6165613163653962653e5b5c775c645d2b29242375223b733a343a22686f7374223b4e3b733a353a22726f757465223b733a32303a2276302f706179636f6d2f636172642f696e646578223b733a383a2264656661756c7473223b613a303a7b7d733a363a22737566666978223b4e3b733a343a2276657262223b4e3b733a343a226d6f6465223b4e3b733a31323a22656e636f6465506172616d73223b623a313b733a31303a226e6f726d616c697a6572223b4e3b733a31353a22002a00637265617465537461747573223b4e3b733a31353a22002a00706c616365686f6c64657273223b613a323a7b733a393a22613834313930396636223b733a31313a227061796d656e744e616d65223b733a393a22616561316365396265223b733a383a22636c69656e744964223b7d733a32363a22007969695c7765625c55726c52756c65005f74656d706c617465223b733a34313a222f76302f706179636f6d2f636172642f3c7061796d656e744e616d653e2f3c636c69656e7449643e2f223b733a32373a22007969695c7765625c55726c52756c65005f726f75746552756c65223b4e3b733a32383a22007969695c7765625c55726c52756c65005f706172616d52756c6573223b613a323a7b733a31313a227061796d656e744e616d65223b733a31323a22235e5b5c775c645d2b242375223b733a383a22636c69656e744964223b733a31323a22235e5b5c775c645d2b242375223b7d733a32393a22007969695c7765625c55726c52756c65005f726f757465506172616d73223b613a303a7b7d7d693a31303b4f3a31353a227969695c7765625c55726c52756c65223a31363a7b733a343a226e616d65223b733a31393a2276302f706179636f6d2f636172642f73617665223b733a373a227061747465726e223b733a32343a22235e76302f706179636f6d2f636172642f73617665242375223b733a343a22686f7374223b4e3b733a353a22726f757465223b733a31393a2276302f706179636f6d2f636172642f73617665223b733a383a2264656661756c7473223b613a303a7b7d733a363a22737566666978223b4e3b733a343a2276657262223b4e3b733a343a226d6f6465223b4e3b733a31323a22656e636f6465506172616d73223b623a313b733a31303a226e6f726d616c697a6572223b4e3b733a31353a22002a00637265617465537461747573223b4e3b733a31353a22002a00706c616365686f6c64657273223b613a303a7b7d733a32363a22007969695c7765625c55726c52756c65005f74656d706c617465223b733a32313a222f76302f706179636f6d2f636172642f736176652f223b733a32373a22007969695c7765625c55726c52756c65005f726f75746552756c65223b4e3b733a32383a22007969695c7765625c55726c52756c65005f706172616d52756c6573223b613a303a7b7d733a32393a22007969695c7765625c55726c52756c65005f726f757465506172616d73223b613a303a7b7d7d693a31313b4f3a31353a227969695c7765625c55726c52756c65223a31363a7b733a343a226e616d65223b733a32323a2276302f706179636f6d2f636172642f73756363657373223b733a373a227061747465726e223b733a32373a22235e76302f706179636f6d2f636172642f73756363657373242375223b733a343a22686f7374223b4e3b733a353a22726f757465223b733a32323a2276302f706179636f6d2f636172642f73756363657373223b733a383a2264656661756c7473223b613a303a7b7d733a363a22737566666978223b4e3b733a343a2276657262223b4e3b733a343a226d6f6465223b4e3b733a31323a22656e636f6465506172616d73223b623a313b733a31303a226e6f726d616c697a6572223b4e3b733a31353a22002a00637265617465537461747573223b4e3b733a31353a22002a00706c616365686f6c64657273223b613a303a7b7d733a32363a22007969695c7765625c55726c52756c65005f74656d706c617465223b733a32343a222f76302f706179636f6d2f636172642f737563636573732f223b733a32373a22007969695c7765625c55726c52756c65005f726f75746552756c65223b4e3b733a32383a22007969695c7765625c55726c52756c65005f706172616d52756c6573223b613a303a7b7d733a32393a22007969695c7765625c55726c52756c65005f726f757465506172616d73223b613a303a7b7d7d693a31323b4f3a31353a227969695c7765625c55726c52756c65223a31363a7b733a343a226e616d65223b733a31393a2276302f706179636f6d2f636172642f6661696c223b733a373a227061747465726e223b733a32343a22235e76302f706179636f6d2f636172642f6661696c242375223b733a343a22686f7374223b4e3b733a353a22726f757465223b733a31393a2276302f706179636f6d2f636172642f6661696c223b733a383a2264656661756c7473223b613a303a7b7d733a363a22737566666978223b4e3b733a343a2276657262223b4e3b733a343a226d6f6465223b4e3b733a31323a22656e636f6465506172616d73223b623a313b733a31303a226e6f726d616c697a6572223b4e3b733a31353a22002a00637265617465537461747573223b4e3b733a31353a22002a00706c616365686f6c64657273223b613a303a7b7d733a32363a22007969695c7765625c55726c52756c65005f74656d706c617465223b733a32313a222f76302f706179636f6d2f636172642f6661696c2f223b733a32373a22007969695c7765625c55726c52756c65005f726f75746552756c65223b4e3b733a32383a22007969695c7765625c55726c52756c65005f706172616d52756c6573223b613a303a7b7d733a32393a22007969695c7765625c55726c52756c65005f726f757465506172616d73223b613a303a7b7d7d693a31333b4f3a31353a227969695c7765625c55726c52756c65223a31363a7b733a343a226e616d65223b733a373a2276657273696f6e223b733a373a227061747465726e223b733a31323a22235e76657273696f6e242375223b733a343a22686f7374223b4e3b733a353a22726f757465223b733a31313a226170692f76657273696f6e223b733a383a2264656661756c7473223b613a303a7b7d733a363a22737566666978223b4e3b733a343a2276657262223b4e3b733a343a226d6f6465223b4e3b733a31323a22656e636f6465506172616d73223b623a313b733a31303a226e6f726d616c697a6572223b4e3b733a31353a22002a00637265617465537461747573223b4e3b733a31353a22002a00706c616365686f6c64657273223b613a303a7b7d733a32363a22007969695c7765625c55726c52756c65005f74656d706c617465223b733a393a222f76657273696f6e2f223b733a32373a22007969695c7765625c55726c52756c65005f726f75746552756c65223b4e3b733a32383a22007969695c7765625c55726c52756c65005f706172616d52756c6573223b613a303a7b7d733a32393a22007969695c7765625c55726c52756c65005f726f757465506172616d73223b613a303a7b7d7d693a31343b4f3a31353a227969695c7765625c55726c52756c65223a31363a7b733a343a226e616d65223b733a363a22737461747573223b733a373a227061747465726e223b733a31313a22235e737461747573242375223b733a343a22686f7374223b4e3b733a353a22726f757465223b733a31303a226170692f737461747573223b733a383a2264656661756c7473223b613a303a7b7d733a363a22737566666978223b4e3b733a343a2276657262223b4e3b733a343a226d6f6465223b4e3b733a31323a22656e636f6465506172616d73223b623a313b733a31303a226e6f726d616c697a6572223b4e3b733a31353a22002a00637265617465537461747573223b4e3b733a31353a22002a00706c616365686f6c64657273223b613a303a7b7d733a32363a22007969695c7765625c55726c52756c65005f74656d706c617465223b733a383a222f7374617475732f223b733a32373a22007969695c7765625c55726c52756c65005f726f75746552756c65223b4e3b733a32383a22007969695c7765625c55726c52756c65005f706172616d52756c6573223b613a303a7b7d733a32393a22007969695c7765625c55726c52756c65005f726f757465506172616d73223b613a303a7b7d7d7d693a313b733a33323a226466396461646266656636323734616634633836376637366435623934313335223b7d693a313b4e3b7d),
('9bee934eae02ae7b9908a547848cdf05', 1520341941, 0x613a323a7b693a303b733a33363a2238646232393637332d653332312d376638632d386462322d393637333030313437663564223b693a313b4e3b7d),
('9CqfzIep02AGq3aQzqhC001zIoPjW3w1', 1515166401, 0x613a323a7b693a303b4e3b693a313b4e3b7d),
('9cYRSKxf8Ie3AgJSBhtvijvpT4TLlEqm', 1512718472, 0x613a323a7b693a303b4e3b693a313b4e3b7d),
('a1aee7836de58b02bc5d9a73cc42ff28', 1519229167, 0x613a323a7b693a303b4e3b693a313b4e3b7d),
('a6ab2488f01dfd77b1307c73f69307f6', 1516276315, 0x613a323a7b693a303b4e3b693a313b4e3b7d),
('alz9sF4M8rTkQCvtFVSV2QH50oEBWXX5', 1516354370, 0x613a323a7b693a303b4e3b693a313b4e3b7d),
('b4ceff6d529c7107bf00d15064b59260', 1512727888, 0x613a323a7b693a303b4e3b693a313b4e3b7d),
('c0ee0f8a38463f69a216eddb5c157664', 1519917580, 0x613a323a7b693a303b4e3b693a313b4e3b7d),
('c369730a04d075a3e366a9223bfb7696', 1516354900, 0x613a323a7b693a303b4e3b693a313b4e3b7d),
('c9PGiDdVBXICq6hEVQeydbjbL4fz2hsw', 1519595893, 0x613a323a7b693a303b4e3b693a313b4e3b7d),
('CJBIEigJd4a08HMjeFjdCevblOD0NzQt', 1516291430, 0x613a323a7b693a303b4e3b693a313b4e3b7d),
('db86fa02077475379c2d17c4d64e7ed3', 1512925633, 0x613a323a7b693a303b4e3b693a313b4e3b7d),
('e2ade2073d77b79e5d122b4269469551', 1516173031, 0x613a323a7b693a303b4e3b693a313b4e3b7d),
('e2b26fb918a2e66e08253b0f2dd7b5b0', 1517574650, 0x613a323a7b693a303b4e3b693a313b4e3b7d),
('e55e732b66587af34e603849b0275c25', 1516283724, 0x613a323a7b693a303b4e3b693a313b4e3b7d),
('eba30682c61c3afac4eebe44cf8cbe0d', 1519823571, 0x613a323a7b693a303b4e3b693a313b4e3b7d),
('ec27ae7537cc782b623ccd685c102ddb', 1516340241, 0x613a323a7b693a303b4e3b693a313b4e3b7d),
('EoHmZfBMGCqxMdBiVNCDCDh4LJHPhuqp', 1514981833, 0x613a323a7b693a303b4e3b693a313b4e3b7d),
('ETaza3j69j7yFZMtB9PqUxlGDhmy90EF', 1512719860, 0x613a323a7b693a303b4e3b693a313b4e3b7d),
('f24a7d14db56ad3b0594e1ecae8d98ae', 1516277214, 0x613a323a7b693a303b4e3b693a313b4e3b7d),
('fa1ae172d2dd7313ae00f909d334c97b', 1519226442, 0x613a323a7b693a303b4e3b693a313b4e3b7d),
('ff664297f21f9ef33241db5c1acb56ed', 1516285207, 0x613a323a7b693a303b4e3b693a313b4e3b7d),
('FwHQKULYT0tKAnHnHtiBhh3eBlTCg99K', 1516172993, 0x613a323a7b693a303b4e3b693a313b4e3b7d),
('GJKsnQAfSAX5RMzVf7Gs35BPA4XRGgpI', 1512718454, 0x613a323a7b693a303b4e3b693a313b4e3b7d);
INSERT INTO `cache` (`id`, `expire`, `data`) VALUES
('go72ONkf9K1xenxKv18XvcHyomOzBMzz', 1519887039, 0x613a323a7b693a303b4e3b693a313b4e3b7d),
('hChAXkAeBo2K1x08drBn6jLsPTSBjAYU', 1519229133, 0x613a323a7b693a303b4e3b693a313b4e3b7d),
('HP7zm1ut4ZRETDnuY6QW5upXtAlWOt7W', 1512720218, 0x613a323a7b693a303b4e3b693a313b4e3b7d),
('J6VnaZxwnDdCywdCQV2duRs0RnWUVBAi', 1516283750, 0x613a323a7b693a303b4e3b693a313b4e3b7d),
('JniCb83GqlFBxs7CaLOBMuaPLLrMvGjb', 1513210683, 0x613a323a7b693a303b4e3b693a313b4e3b7d),
('JWXhmGGcAog1iUOo1EYyCeM33mPvhOYY', 1520344691, 0x613a323a7b693a303b733a33363a2262633439633936662d393737312d376264362d626334392d633936663030306235363561223b693a313b4e3b7d),
('KEQA0LrOaLUYJfCmFJGvLKiDBfVSbvpC', 1517911719, 0x613a323a7b693a303b4e3b693a313b4e3b7d),
('Mdoxj9EQ7My932izN9y4TQEKRuXzfkes', 1516355430, 0x613a323a7b693a303b4e3b693a313b4e3b7d),
('o6EDPr6yzDdMrmbsTNXomsOMjygSXrqh', 1519637063, 0x613a323a7b693a303b4e3b693a313b4e3b7d),
('SmpzbG4GCCk7Fng0FDbnsr4RkqSvNi3K', 1516173100, 0x613a323a7b693a303b4e3b693a313b4e3b7d),
('t5s9011kJFRycQKd5LEVUUscCdoTQ2TN', 1519917537, 0x613a323a7b693a303b4e3b693a313b4e3b7d),
('tmpPyz7TgLVolVWz5LH28Wt3ha4jhmbq', 1512884048, 0x613a323a7b693a303b4e3b693a313b4e3b7d),
('ulgRvjjWjdTBBvkCTsDhzAW9wCoqSe0i', 1513011433, 0x613a323a7b693a303b4e3b693a313b4e3b7d),
('usQH7uQN2g3T5H7KK1K48eWGh1gF5rTU', 1516276313, 0x613a323a7b693a303b4e3b693a313b4e3b7d),
('xHVjyMgSMo59zzMikuqloIUYf153dpx0', 1516284001, 0x613a323a7b693a303b4e3b693a313b4e3b7d),
('Xj4ON1CppyabEsZUziE4cJbiFJSHX7a8', 1512825599, 0x613a323a7b693a303b4e3b693a313b4e3b7d),
('zzu9hSTzpU6ufFGWbOkjY1WjQj9rNYOE', 1519887683, 0x613a323a7b693a303b4e3b693a313b4e3b7d);

-- --------------------------------------------------------

--
-- Структура таблицы `currency`
--

CREATE TABLE `currency` (
  `code` int(11) NOT NULL,
  `oldCode` int(11) NOT NULL,
  `description` varchar(5) COLLATE utf8_unicode_ci DEFAULT NULL
) ENGINE=InnoDB DEFAULT CHARSET=utf8 COLLATE=utf8_unicode_ci;

--
-- Дамп данных таблицы `currency`
--

INSERT INTO `currency` (`code`, `oldCode`, `description`) VALUES
(643, 810, 'RUB'),
(936, 288, 'GHS'),
(937, 862, 'VEF'),
(938, 736, 'SDG'),
(941, 891, 'RSD'),
(944, 31, 'AZN'),
(946, 642, 'RON'),
(949, 792, 'TRY'),
(975, 100, 'BGN');

-- --------------------------------------------------------

--
-- Структура таблицы `kkb_payment_gate_profile`
--

CREATE TABLE `kkb_payment_gate_profile` (
  `id` int(11) NOT NULL,
  `paymentName` varchar(32) COLLATE utf8_unicode_ci NOT NULL,
  `merchantId` varchar(32) COLLATE utf8_unicode_ci NOT NULL,
  `merchantName` varchar(255) COLLATE utf8_unicode_ci NOT NULL,
  `certificateId` varchar(32) COLLATE utf8_unicode_ci NOT NULL,
  `privateCertificate` blob NOT NULL,
  `privateCertificatePass` varchar(255) COLLATE utf8_unicode_ci NOT NULL,
  `publicCertificate` blob NOT NULL,
  `isDebug` int(1) NOT NULL DEFAULT '0',
  `cardBindingSum` int(11) NOT NULL DEFAULT '1',
  `commission` float DEFAULT '0',
  `currency` varchar(3) COLLATE utf8_unicode_ci DEFAULT NULL,
  `createdAt` int(11) DEFAULT NULL,
  `updatedAt` int(11) DEFAULT NULL
) ENGINE=InnoDB DEFAULT CHARSET=utf8 COLLATE=utf8_unicode_ci;

-- --------------------------------------------------------

--
-- Структура таблицы `migration`
--

CREATE TABLE `migration` (
  `version` varchar(180) NOT NULL,
  `apply_time` int(11) DEFAULT NULL
) ENGINE=InnoDB DEFAULT CHARSET=utf8;

--
-- Дамп данных таблицы `migration`
--

INSERT INTO `migration` (`version`, `apply_time`) VALUES
('m000000_000000_base', 1508852939),
('m160211_064201_payment_gate_type', 1508852940),
('m160211_070304_payment_gate_profile', 1508852940),
('m160224_112943_cache', 1508852940),
('m160406_121233_currency', 1508852940),
('m160526_174841_payment_gate_type__update_records', 1508852940),
('m160616_133309_payment_gate_type__add_records', 1508852940),
('m160620_112036_create_yandex_payment_gate_profile', 1508852940),
('m160622_105011_create_yandex_order_binding', 1508852940),
('m160725_075457_payment_gate_profile', 1508852940),
('m160808_120420_create_stripe_payment_gate_profile', 1508852940),
('m160808_123502_add_stripe_payment_gate_profile', 1508852940),
('m160812_094225_create_stripe_customer', 1508852940),
('m160912_123601_create_sberbank_profile_payment_gate', 1508852940),
('m160921_075849_change_column_type_sberbank_payment_gate_profile', 1508852940),
('m170327_183944_create_yandex_payment_register', 1508852940),
('m170804_222548_create_table__check', 1508852940),
('m170813_171548_yandex_payment_gate_profile__add_columns_for_secure_deal', 1508852940),
('m170816_110522_create_table__yandex_profit_card', 1508852940),
('m170828_074142_yandex_payment_gate_profile__add_columns', 1508852940),
('m170830_080212_yandex_payment', 1508852940),
('m171104_204615_drop_table__yandex_profit_card', 1512119144),
('m171104_213046_yandex_payment__drop_column__card_synonym', 1512119144),
('m171109_191019_yandex_payment_gate_profile__add_columns', 1512119144),
('m171109_195354_yandex_payment_gate_profile__drop_column__agent_id', 1512119144),
('m171117_151424_yandex_payment_gate_profile__add_column__card_binding_sum', 1511268654),
('m171117_180554_create_table__paycom_profile', 1514187666),
('m171202_191158_create_table__paycom_card', 1514187666),
('m171216_181332_paygate_profile__increase_column_size', 1514187666),
('m171217_085147_create_table__paycom_payment', 1514187666),
('m171220_040330_yandex_payment_gate_profile__add_audit_columns', 1516271024),
('m180126_182936_yandex_payment_gate_profile__add_receipt_columns', 1518508842),
('m180128_080053_payment_gate_profile__add_currency', 1518000131),
('m180205_160816_create_table__kkb_payment_gate_profile', 1527662358),
('m180220_180024_payment_gate_profile__add_column__card_binding_sum', 1520335615),
('m180422_115247_create_table__payture_profile', 1530105105),
('m180506_171317_create_table__payture_payment', 1530105105),
('m180513_072441_kkb_payment_gate_profile__remove_unique_index', 1527662358),
('m180611_170959_create_table__stripe_payment', 1530706637),
('m180616_202846_stripe_payment_gate_profile__add_column__client_id', 1530706637),
('m180701_120601_create_table__bepaid_profile', 1531313404),
('m180701_170425_create_table__bepaid_card', 1531313404),
('m180707_092254_create_table__bepaid_payment', 1531313404);

-- --------------------------------------------------------

--
-- Структура таблицы `paycom_card`
--

CREATE TABLE `paycom_card` (
  `id` int(11) NOT NULL,
  `paymentName` varchar(32) COLLATE utf8_unicode_ci NOT NULL,
  `clientId` varchar(32) COLLATE utf8_unicode_ci NOT NULL,
  `pan` varchar(32) COLLATE utf8_unicode_ci NOT NULL,
  `token` varchar(500) COLLATE utf8_unicode_ci NOT NULL,
  `createdAt` int(11) DEFAULT NULL,
  `updatedAt` int(11) DEFAULT NULL
) ENGINE=InnoDB DEFAULT CHARSET=utf8 COLLATE=utf8_unicode_ci;

--
-- Дамп данных таблицы `paycom_card`
--

INSERT INTO `paycom_card` (`id`, `paymentName`, `clientId`, `pan`, `token`, `createdAt`, `updatedAt`) VALUES
(1, '2538', 'worker_11095', '555555******5555', 'NWE2MDg1MjBlZWY3NDkxOWRlOGNkMmVhX3BBV0hDLVluYTIhUk11RlVQVWd6YUUwa3NJQUt3eHBYKzhEcXV5dDJTaTcjeG1GI3dXcS1VKmN2QSUzWF53K1lkdlM5MV9HKzJvdXVtJCFYVyYpU1BIRCYjYzgyQ2ZqMzc24oSWMSEzRGlaMSN2IyFhIyYmUG9DTW1Vd00/MDBWZkI/ciVTSHJAc0dTdmJPcndPRnBNdGhkWnZZb3UjKGswQuKElnhTY1ZkKEFqSGEyb0gpKCpPdl54K3F4KE9fcVdha1A4MWYrRWhuc1I3MTJ6NkhoclR6Klh4YUQmdWFXWmpnWERTJTd0ZD13OSFHZHItKE8jWGgrSlNBVkdZcDVJTlVJ', 1516275988, 1516275988),
(2, '2538', 'client_124620', '444444******4444', 'NWE2MDg1NmJlZWY3NDkxOWRlOGNkMmViXy0/USlAJnpu4oSWJm4hVlNYaSFzaik24oSWd2Q2TUF1aWJJSSZOP3FucEfihJZfdCh2NjcxZWE1QkBeQVcpWjhBN042bWJYSSRveCZVeWN6M3VyQy1edDdDNzQoJnR4PzVUVjFhWHh0WnBoTjElYihwR01iM3BhT3N5MTd4SkBHKHhJbUkzX2hvKnluWXY9PSZAcE5WQTMxdXFHbWNuekd2RUtvQVloV0ReKVJ5diVmNE9jZjBWd3AmLSQyI2o3djA/R049WDhfZzdmVGNNaGNJNT8lI0dZY0F4dGJhMGleRHZpel9HeC1LXkcjeE0tdT91IW9uRyN1IV4lXyVfQTRqXkNrakY=', 1516276055, 1516276055),
(3, '2538_4', 'worker_11095', '860014******0323', 'NWFmMDI4MzQ1ZTViMjAxYWE5ZTE2ZjZjX08paGMwMVkrVHFAekUpSFd2Z2Zr4oSWOVNRSmowM2lIOT9KWVd0KmhSZG1CMD1fMDctSmtXRnY9ZmZ3ci1CJSRLZGMmSFhJS1BuIyNTVCZl4oSWd04pSzUzJj9XX051SXVwP15Bc1pPQjh3REJpdFFJMXh5NDdlQSNBUS1ETU3ihJY/a3BNUEBZNUt0PWIobWpkRjNxYzFnbjRwX14reSlyTU4lakUrendNKj9vITNrTjZOdTc2PyZKYWQkeVVmN1NiZ1hlXjApMyhqSWVmWSVnRUkxMjFTR1hvJXgmNEMoQ00zcEhZYjJoaz1eKSNVayh6TXcmZV4wbiZWMyY3d0dHdktBXkY=', 1525689775, 1525689775);

-- --------------------------------------------------------

--
-- Структура таблицы `paycom_payment`
--

CREATE TABLE `paycom_payment` (
  `id` int(11) NOT NULL,
  `paymentName` varchar(32) COLLATE utf8_unicode_ci NOT NULL,
  `clientId` varchar(32) COLLATE utf8_unicode_ci NOT NULL,
  `orderNumber` varchar(32) COLLATE utf8_unicode_ci NOT NULL,
  `token` varchar(500) COLLATE utf8_unicode_ci NOT NULL,
  `receiptId` varchar(500) COLLATE utf8_unicode_ci NOT NULL,
  `amount` int(11) DEFAULT NULL,
  `createdAt` int(11) DEFAULT NULL,
  `updatedAt` int(11) DEFAULT NULL
) ENGINE=InnoDB DEFAULT CHARSET=utf8 COLLATE=utf8_unicode_ci;

--
-- Дамп данных таблицы `paycom_payment`
--

INSERT INTO `paycom_payment` (`id`, `paymentName`, `clientId`, `orderNumber`, `token`, `receiptId`, `amount`, `createdAt`, `updatedAt`) VALUES
(1, '2538_4', 'worker_11095', '1000000000575703', 'NWFmMDI4MzQ1ZTViMjAxYWE5ZTE2ZjZjX08paGMwMVkrVHFAekUpSFd2Z2Zr4oSWOVNRSmowM2lIOT9KWVd0KmhSZG1CMD1fMDctSmtXRnY9ZmZ3ci1CJSRLZGMmSFhJS1BuIyNTVCZl4oSWd04pSzUzJj9XX051SXVwP15Bc1pPQjh3REJpdFFJMXh5NDdlQSNBUS1ETU3ihJY/a3BNUEBZNUt0PWIobWpkRjNxYzFnbjRwX14reSlyTU4lakUrendNKj9vITNrTjZOdTc2PyZKYWQkeVVmN1NiZ1hlXjApMyhqSWVmWSVnRUkxMjFTR1hvJXgmNEMoQ00zcEhZYjJoaz1eKSNVayh6TXcmZV4wbiZWMyY3d0dHdktBXkY=', '5af0286225180e2cacc6aa0d', 200, 1525689801, 1525689801);

-- --------------------------------------------------------

--
-- Структура таблицы `paycom_profile`
--

CREATE TABLE `paycom_profile` (
  `id` int(11) NOT NULL,
  `paymentName` varchar(32) COLLATE utf8_unicode_ci NOT NULL,
  `apiId` varchar(255) COLLATE utf8_unicode_ci DEFAULT '',
  `password` varchar(255) COLLATE utf8_unicode_ci DEFAULT '',
  `isDebug` int(1) NOT NULL DEFAULT '0',
  `commission` float DEFAULT '0',
  `createdAt` int(11) DEFAULT NULL,
  `updatedAt` int(11) DEFAULT NULL
) ENGINE=InnoDB DEFAULT CHARSET=utf8 COLLATE=utf8_unicode_ci;

-- --------------------------------------------------------

--
-- Структура таблицы `payment_gate_profile`
--

CREATE TABLE `payment_gate_profile` (
  `id` int(11) NOT NULL,
  `paymentName` varchar(32) COLLATE utf8_unicode_ci NOT NULL,
  `typeId` int(11) NOT NULL,
  `username` varchar(32) COLLATE utf8_unicode_ci DEFAULT '',
  `password` varchar(32) COLLATE utf8_unicode_ci DEFAULT '',
  `url` varchar(255) COLLATE utf8_unicode_ci NOT NULL,
  `commission` float DEFAULT '0',
  `returnUrl` varchar(255) COLLATE utf8_unicode_ci DEFAULT 'finish.html',
  `failUrl` varchar(255) COLLATE utf8_unicode_ci DEFAULT NULL,
  `currency` varchar(3) COLLATE utf8_unicode_ci DEFAULT NULL,
  `cardBindingSum` int(11) NOT NULL DEFAULT '1'
) ENGINE=InnoDB DEFAULT CHARSET=utf8 COLLATE=utf8_unicode_ci;

-- --------------------------------------------------------

--
-- Структура таблицы `payment_gate_type`
--

CREATE TABLE `payment_gate_type` (
  `id` int(11) NOT NULL,
  `name` varchar(255) COLLATE utf8_unicode_ci NOT NULL,
  `classname` varchar(60) COLLATE utf8_unicode_ci NOT NULL
) ENGINE=InnoDB DEFAULT CHARSET=utf8 COLLATE=utf8_unicode_ci;

--
-- Дамп данных таблицы `payment_gate_type`
--

INSERT INTO `payment_gate_type` (`id`, `name`, `classname`) VALUES
(1, 'АльфаБанк', 'AlphaBank'),
(2, 'Сбербанк', 'SberBank'),
(3, 'ВТБ', 'Vtb'),
(4, 'Яндекс Касса', 'YandexCashDesk'),
(5, 'Страйп', 'Stripe'),
(7, 'Paycom', 'Paycom'),
(8, 'КАЗКОМ (Kkb)', 'Kkb'),
(9, 'Payture', 'Payture'),
(10, 'BePaid', 'BePaid');

-- --------------------------------------------------------

--
-- Структура таблицы `payture_payment`
--

CREATE TABLE `payture_payment` (
  `id` int(11) NOT NULL,
  `paymentName` varchar(32) COLLATE utf8_unicode_ci NOT NULL,
  `clientId` varchar(32) COLLATE utf8_unicode_ci NOT NULL,
  `orderNumber` varchar(32) COLLATE utf8_unicode_ci NOT NULL,
  `merchantOrderId` varchar(255) COLLATE utf8_unicode_ci NOT NULL,
  `amount` int(11) DEFAULT NULL,
  `currency` int(11) DEFAULT NULL,
  `createdAt` int(11) DEFAULT NULL,
  `updatedAt` int(11) DEFAULT NULL
) ENGINE=InnoDB DEFAULT CHARSET=utf8 COLLATE=utf8_unicode_ci;

--
-- Дамп данных таблицы `payture_payment`
--

INSERT INTO `payture_payment` (`id`, `paymentName`, `clientId`, `orderNumber`, `merchantOrderId`, `amount`, `currency`, `createdAt`, `updatedAt`) VALUES
(1, '2538_3', 'worker_11095', '1000000000575810', '[CUSTOMERS_PAY]-[737142]-[1]', 100000, 643, 1530165586, 1530165586),
(2, '2538_3', 'client_124620', '1446', '[CUSTOMERS_PAY]-[737145]-[1]', 9900, 643, 1530165710, 1530165710);

-- --------------------------------------------------------

--
-- Структура таблицы `payture_profile`
--

CREATE TABLE `payture_profile` (
  `id` int(11) NOT NULL,
  `paymentName` varchar(32) COLLATE utf8_unicode_ci NOT NULL,
  `key3dsAdd` varchar(255) COLLATE utf8_unicode_ci NOT NULL,
  `keyPay` varchar(255) COLLATE utf8_unicode_ci NOT NULL,
  `password` varchar(255) COLLATE utf8_unicode_ci NOT NULL,
  `isDebug` int(1) NOT NULL DEFAULT '0',
  `commission` float DEFAULT '0',
  `currency` varchar(3) COLLATE utf8_unicode_ci NOT NULL,
  `createdAt` int(11) DEFAULT NULL,
  `updatedAt` int(11) DEFAULT NULL
) ENGINE=InnoDB DEFAULT CHARSET=utf8 COLLATE=utf8_unicode_ci;

-- --------------------------------------------------------

--
-- Структура таблицы `sberbank_payment_gate_profile`
--

CREATE TABLE `sberbank_payment_gate_profile` (
  `id` int(11) NOT NULL,
  `paymentName` varchar(32) NOT NULL,
  `usernameBinding` varchar(32) DEFAULT '',
  `passwordBinding` varchar(255) DEFAULT '',
  `usernamePayment` varchar(32) DEFAULT '',
  `passwordPayment` varchar(255) DEFAULT '',
  `url` varchar(255) NOT NULL,
  `commission` float DEFAULT '0',
  `returnUrl` varchar(255) DEFAULT 'finish.html',
  `failUrl` varchar(255) DEFAULT NULL
) ENGINE=InnoDB DEFAULT CHARSET=utf8;

-- --------------------------------------------------------

--
-- Структура таблицы `stripe_customer`
--

CREATE TABLE `stripe_customer` (
  `id` int(11) NOT NULL,
  `profileId` int(11) NOT NULL,
  `clientId` varchar(255) NOT NULL,
  `stripeCustomerId` varchar(255) NOT NULL
) ENGINE=InnoDB DEFAULT CHARSET=utf8;

--
-- Дамп данных таблицы `stripe_customer`
--

INSERT INTO `stripe_customer` (`id`, `profileId`, `clientId`, `stripeCustomerId`) VALUES
(6, 3, 'client_124733', 'cus_DC36SHFgm3kHOi'),
(7, 3, 'client_124638', 'cus_DFMevAzVOXVlOM'),
(9, 3, 'client_124616', 'cus_DHXZzjNxpusBM5'),
(12, 3, 'client_124642', 'cus_DfbSTuMnQxlpFf'),
(13, 3, 'client_124854', 'cus_DmX1Dojo33CljW'),
(14, 3, 'client_124889', 'cus_DnwM6rS362vFRZ'),
(15, 3, 'client_124971', 'cus_DwzWP1sSfPpfRi'),
(16, 3, 'client_124977', 'cus_Dxa3DfqBfeLcxf'),
(17, 3, 'client_125023', 'cus_E3fVSVIp6KXwyP'),
(18, 3, 'client_125097', 'cus_ELJcyFJr0tiG2f'),
(19, 3, 'client_124639', 'cus_EMF1FeUbRXa60X'),
(20, 4, 'client_124639', 'cus_EMJBavKAPY6UGW'),
(21, 3, 'client_125116', 'cus_EMyTZF3IPVVqXk'),
(22, 4, 'client_124652', 'cus_EOYUeLDQeF5czY'),
(23, 3, 'client_125157', 'cus_ESH1tiZVqLjcnx'),
(24, 3, 'client_125088', 'cus_ESf9osRE3jDQy0'),
(25, 4, 'client_125034', 'cus_EUHqVhv9DvL8wV'),
(26, 4, 'client_125168', 'cus_EWNhXXRwZa7ms3'),
(27, 4, 'client_124818', 'cus_EXBDCNxnVHnrOB'),
(28, 6, 'client_124642', 'cus_EYO7K2cwzklmoD'),
(29, 3, 'client_125115', 'cus_EearhAtuxhqPGv'),
(30, 3, 'client_125254', 'cus_EeeLSKQYuq8rXr'),
(31, 3, 'client_125346', 'cus_ErVkOIMp0wpgBN'),
(32, 6, 'client_125215', 'cus_EzeUymZFz0inFL'),
(33, 3, 'client_125374', 'cus_F41sONg6iy0u1E'),
(34, 4, 'worker_11114', 'cus_F9iBDRVHf1OpYf'),
(35, 3, 'client_125413', 'cus_FIPwl47hMT5oLf'),
(36, 3, 'client_125420', 'cus_FJQBbvzjQYo5D1'),
(37, 3, 'client_125446', 'cus_FQqOthD9uVMMas'),
(38, 3, 'client_125447', 'cus_FQttq8EDyQQsKf'),
(39, 3, 'client_125491', 'cus_FfBzVNMH42uI0N'),
(40, 3, 'client_125492', 'cus_FfOE1B5XCTanlH'),
(41, 3, 'client_125497', 'cus_FgKiOz5VYzgqu4'),
(42, 3, 'client_125499', 'cus_FgSuAQMYP3u3Wm'),
(43, 5, 'client_125521', 'cus_FjnorhNItm71Nz'),
(44, 3, 'client_125531', 'cus_Fn4Ve4SScqnaQ4'),
(45, 3, 'client_125537', 'cus_FoA7xJMEHL8Dwr'),
(46, 3, 'client_124652', 'cus_FqTBsLSf4e0QBY'),
(47, 3, 'client_125544', 'cus_Fqraqj5gMbSYmt'),
(48, 3, 'client_125549', 'cus_FrhSYM6iFIne35'),
(49, 3, 'client_125562', 'cus_FtncooRvV1YUTy');

-- --------------------------------------------------------

--
-- Структура таблицы `stripe_payment`
--

CREATE TABLE `stripe_payment` (
  `id` int(11) NOT NULL,
  `paymentName` varchar(32) COLLATE utf8_unicode_ci NOT NULL,
  `clientId` varchar(32) COLLATE utf8_unicode_ci NOT NULL,
  `orderNumber` varchar(32) COLLATE utf8_unicode_ci NOT NULL,
  `paymentId` varchar(255) COLLATE utf8_unicode_ci NOT NULL,
  `stripeAccount` varchar(255) COLLATE utf8_unicode_ci DEFAULT NULL,
  `amount` int(11) DEFAULT NULL,
  `currency` varchar(255) COLLATE utf8_unicode_ci DEFAULT NULL,
  `createdAt` int(11) DEFAULT NULL,
  `updatedAt` int(11) DEFAULT NULL
) ENGINE=InnoDB DEFAULT CHARSET=utf8 COLLATE=utf8_unicode_ci;

--
-- Дамп данных таблицы `stripe_payment`
--

INSERT INTO `stripe_payment` (`id`, `paymentName`, `clientId`, `orderNumber`, `paymentId`, `stripeAccount`, `amount`, `currency`, `createdAt`, `updatedAt`) VALUES
(1, '2538_4', 'worker_11095', '1000000000575840', 'ch_1CkAYJCAesm3WrHGUKccUMyN', NULL, 4000, 'rub', 1530709069, 1530709069),
(2, '2538_4', 'client_124620', '1523', 'ch_1CkAdXEFaW5CJJwKcOBxU4jN', 'acct_1CgsLCEFaW5CJJwK', 8000, 'rub', 1530709393, 1530709393),
(3, '2538_4', 'client_124620', '1524', 'ch_1CkAjRCAesm3WrHGKVK7ZWuT', NULL, 8000, 'rub', 1530709758, 1530709758),
(4, '2538_4', 'client_124639', '1551', 'ch_1CkWibEFaW5CJJwKsiENm2Er', 'acct_1CgsLCEFaW5CJJwK', 9900, 'rub', 1530794275, 1530794275),
(5, '2538_8', 'worker_11095', '1000000000575920', 'ch_1CpXbHEFaW5CJJwKwlYxIcuT', 'acct_1CgsLCEFaW5CJJwK', 4000, 'rub', 1531989305, 1531989305),
(6, '2538_5', 'client_124638', '3670', 'ch_1DT72vEFaW5CJJwKpe4r7yAw', 'acct_1CgsLCEFaW5CJJwK', 390, 'eur', 1541420351, 1541420351),
(7, '2538_5', 'client_124638', '3671', 'ch_1DT8sCCAesm3WrHG7ti7nRsx', NULL, 869, 'eur', 1541427373, 1541427373),
(8, '2538_5', 'client_124638', '3674', 'ch_1DTQ4DEFaW5CJJwKIO05PS5Y', 'acct_1CgsLCEFaW5CJJwK', 390, 'eur', 1541493466, 1541493466),
(9, '2538_5', 'client_125023', '4175', 'ch_1Dbg8PEFaW5CJJwKmsQqXKfx', 'acct_1CgsLCEFaW5CJJwK', 1270, 'eur', 1543461855, 1543461855),
(10, '2538_5', 'client_124977', '4229', 'ch_1DdGsNEFaW5CJJwKTr9KcHtq', 'acct_1CgsLCEFaW5CJJwK', 1420, 'eur', 1543841418, 1543841418),
(11, '2538_5', 'client_124977', '4231', 'ch_1DdIX8EFaW5CJJwKA7sllDTq', 'acct_1CgsLCEFaW5CJJwK', 1170, 'eur', 1543847787, 1543847787),
(12, '2538_5', 'client_124971', '4559', 'ch_1DimUcEFaW5CJJwKzdCMbkLF', 'acct_1CgsLCEFaW5CJJwK', 850, 'eur', 1545154592, 1545154592),
(13, '2538_5', 'client_124971', '4574', 'ch_1Dj8OuEFaW5CJJwK11EbWfj2', 'acct_1CgsLCEFaW5CJJwK', 1280, 'eur', 1545238806, 1545238806),
(14, '2538_5', 'client_124977', '4607', 'ch_1DjmnOEFaW5CJJwKDDUOclKp', 'acct_1CgsLCEFaW5CJJwK', 760, 'eur', 1545394084, 1545394084),
(15, '2538_5', 'client_124971', '4674', 'ch_1DnSaAEFaW5CJJwKgV79PAue', 'acct_1CgsLCEFaW5CJJwK', 770, 'eur', 1546269695, 1546269695),
(16, '2538_5', 'client_124971', '4741', 'ch_1DqIwUEFaW5CJJwK6Upu0QxL', 'acct_1CgsLCEFaW5CJJwK', 760, 'eur', 1546947624, 1546947624),
(17, '2538_10', 'client_124639', '5017', 'ch_1DtacSEFaW5CJJwKVhXIfXya', 'acct_1CgsLCEFaW5CJJwK', 9900, 'rub', 1547730558, 1547730558),
(18, '2538_5', 'client_124971', '5447', 'ch_1E2eCgEFaW5CJJwKZgRlX9Tm', 'acct_1CgsLCEFaW5CJJwK', 1190, 'eur', 1549889287, 1549889287),
(19, '2538_5', 'client_124971', '5449', 'ch_1E2fJyEFaW5CJJwKLmGb8h6D', 'acct_1CgsLCEFaW5CJJwK', 1190, 'eur', 1549893584, 1549893584),
(20, '2538_5', 'client_124971', '5776', 'ch_1E7lA3EFaW5CJJwKzzQZ49ZI', 'acct_1CgsLCEFaW5CJJwK', 770, 'eur', 1551107672, 1551107672),
(21, '2538_5', 'client_125115', '6031', 'ch_1EBIHjEFaW5CJJwKwayBhaFD', 'acct_1CgsLCEFaW5CJJwK', 550, 'eur', 1551949984, 1551949984),
(22, '2538_5', 'client_125115', '6208', 'ch_1EEJ3tCAesm3WrHGaLPHN8tx', NULL, 930, 'eur', 1552667954, 1552667954),
(23, '2538_5', 'client_125115', '6401', 'ch_1EHx24EFaW5CJJwKHT0pySPo', 'acct_1CgsLCEFaW5CJJwK', 1010, 'eur', 1553536586, 1553536586),
(24, '2538_5', 'client_124971', '6566', 'ch_1ENh4JEFaW5CJJwKRbJJdCU4', 'acct_1CgsLCEFaW5CJJwK', 2170, 'eur', 1554905189, 1554905189),
(25, '2538_5', 'client_124971', '7053', 'ch_1EcYUWEFaW5CJJwKxPt6SDgl', 'acct_1CgsLCEFaW5CJJwK', 776, 'eur', 1558447138, 1558447138),
(26, '2538_5', 'client_124971', '7165', 'ch_1Eg9JZEFaW5CJJwKNKU11OLA', 'acct_1CgsLCEFaW5CJJwK', 790, 'eur', 1559303670, 1559303670),
(27, '2538_5', 'client_124971', '7168', 'ch_1EgD1fEFaW5CJJwKrS8LqcnB', 'acct_1CgsLCEFaW5CJJwK', 780, 'eur', 1559317936, 1559317936),
(28, '2538_5', 'client_124971', '7189', 'ch_1EhzcjCAesm3WrHGxWp2cXXu', NULL, 1480, 'eur', 1559743075, 1559743075),
(29, '2538_5', 'client_125254', '7224', 'ch_1EkPR6EFaW5CJJwK2ZQSBhRK', 'acct_1CgsLCEFaW5CJJwK', 9830, 'eur', 1560318953, 1560318953),
(30, '2538_5', 'client_124971', '7349', 'ch_1EpdqnEFaW5CJJwKOTQZTMSI', 'acct_1CgsLCEFaW5CJJwK', 1300, 'eur', 1561566004, 1561566004),
(31, '2538_5', 'client_124971', '7464', 'ch_1Erm4HEFaW5CJJwKMUA3XMZA', 'acct_1CgsLCEFaW5CJJwK', 780, 'eur', 1562074247, 1562074247),
(32, '2538_5', 'client_124971', '7774', 'ch_1EzmWDEFaW5CJJwKW61oUyVG', 'acct_1CgsLCEFaW5CJJwK', 680, 'eur', 1563982602, 1563982602),
(33, '2538_5', 'client_124971', '9096', 'ch_1FMCMfCAesm3WrHGzmBX68bv', NULL, 790, 'eur', 1569325171, 1569325171);

-- --------------------------------------------------------

--
-- Структура таблицы `stripe_payment_gate_profile`
--

CREATE TABLE `stripe_payment_gate_profile` (
  `id` int(11) NOT NULL,
  `paymentName` varchar(32) NOT NULL,
  `publicKey` varchar(255) NOT NULL,
  `privateKey` varchar(255) NOT NULL,
  `commission` float DEFAULT '0',
  `clientId` varchar(255) DEFAULT NULL
) ENGINE=InnoDB DEFAULT CHARSET=utf8;

--
-- Дамп данных таблицы `stripe_payment_gate_profile`
--

INSERT INTO `stripe_payment_gate_profile` (`id`, `paymentName`, `publicKey`, `privateKey`, `commission`, `clientId`) VALUES
(3, '2538_5', 'pk_live_kyNIDmUuMA5m9JPZln4FPKnu', 'sk_live_2QnrUhkdOuLLBEoR5iNUcF9T', 0, 'daimond025@yandex.ru'),
(4, '2538_10', 'pk_live_kyNIDmUuMA5m9JPZln4FPKnu', 'sk_live_2QnrUhkdOuLLBEoR5iNUcF9T', 0, 'daimond025@yandex.ru'),
(5, '2538_11', 'pk_live_kyNIDmUuMA5m9JPZln4FPKnu', 'sk_live_2QnrUhkdOuLLBEoR5iNUcF9T', 0, 'daimond025@yandex.ru'),
(6, '2538_12', 'pk_live_kyNIDmUuMA5m9JPZln4FPKnu', 'sk_live_2QnrUhkdOuLLBEoR5iNUcF9T', 0, 'daimond025@yandex.ru');

-- --------------------------------------------------------

--
-- Структура таблицы `tbl_check`
--

CREATE TABLE `tbl_check` (
  `id` int(11) NOT NULL,
  `key` varchar(255) NOT NULL,
  `value` varchar(255) NOT NULL
) ENGINE=InnoDB DEFAULT CHARSET=utf8;

-- --------------------------------------------------------

--
-- Структура таблицы `yandex_order_binding`
--

CREATE TABLE `yandex_order_binding` (
  `id` int(11) NOT NULL,
  `shopId` bigint(20) NOT NULL,
  `clientId` varchar(32) NOT NULL,
  `invoiceId` varchar(255) NOT NULL,
  `pan` varchar(32) DEFAULT NULL
) ENGINE=InnoDB DEFAULT CHARSET=utf8;

-- --------------------------------------------------------

--
-- Структура таблицы `yandex_payment`
--

CREATE TABLE `yandex_payment` (
  `id` int(11) NOT NULL,
  `paymentName` varchar(255) COLLATE utf8_unicode_ci NOT NULL,
  `customerNumber` varchar(255) COLLATE utf8_unicode_ci NOT NULL,
  `orderNumber` varchar(255) COLLATE utf8_unicode_ci NOT NULL,
  `baseInvoiceId` varchar(255) COLLATE utf8_unicode_ci DEFAULT NULL,
  `destination` varchar(255) COLLATE utf8_unicode_ci DEFAULT NULL,
  `sum` decimal(12,2) DEFAULT NULL,
  `shopId` varchar(255) COLLATE utf8_unicode_ci NOT NULL,
  `shopArticleId` varchar(255) COLLATE utf8_unicode_ci DEFAULT NULL,
  `avisoInvoiceId` varchar(255) COLLATE utf8_unicode_ci DEFAULT NULL,
  `avisoSum` decimal(12,2) DEFAULT NULL,
  `avisoCurrency` varchar(255) COLLATE utf8_unicode_ci DEFAULT NULL,
  `repeatId` varchar(255) COLLATE utf8_unicode_ci DEFAULT NULL,
  `repeatStatus` varchar(255) COLLATE utf8_unicode_ci DEFAULT NULL,
  `repeatError` varchar(255) COLLATE utf8_unicode_ci DEFAULT NULL,
  `repeatTechMessage` varchar(255) COLLATE utf8_unicode_ci DEFAULT NULL,
  `repeatProcessedDT` varchar(255) COLLATE utf8_unicode_ci DEFAULT NULL,
  `cancelId` varchar(255) COLLATE utf8_unicode_ci DEFAULT NULL,
  `cancelStatus` varchar(255) COLLATE utf8_unicode_ci DEFAULT NULL,
  `cancelError` varchar(255) COLLATE utf8_unicode_ci DEFAULT NULL,
  `cancelTechMessage` varchar(255) COLLATE utf8_unicode_ci DEFAULT NULL,
  `cancelProcessedDT` varchar(255) COLLATE utf8_unicode_ci DEFAULT NULL,
  `confirmId` varchar(255) COLLATE utf8_unicode_ci DEFAULT NULL,
  `confirmStatus` varchar(255) COLLATE utf8_unicode_ci DEFAULT NULL,
  `confirmError` varchar(255) COLLATE utf8_unicode_ci DEFAULT NULL,
  `confirmInvoiceId` varchar(255) COLLATE utf8_unicode_ci DEFAULT NULL,
  `confirmRequestDT` varchar(255) COLLATE utf8_unicode_ci DEFAULT NULL,
  `returnId` varchar(255) COLLATE utf8_unicode_ci DEFAULT NULL,
  `returnStatus` varchar(255) COLLATE utf8_unicode_ci DEFAULT NULL,
  `returnError` varchar(255) COLLATE utf8_unicode_ci DEFAULT NULL,
  `returnTechMessage` varchar(255) COLLATE utf8_unicode_ci DEFAULT NULL,
  `returnProcessedDT` varchar(255) COLLATE utf8_unicode_ci DEFAULT NULL,
  `gootaxResult` enum('WAITING','SUCCESS','FAIL') COLLATE utf8_unicode_ci DEFAULT 'WAITING',
  `createdAt` int(11) DEFAULT NULL,
  `updatedAt` int(11) DEFAULT NULL
) ENGINE=InnoDB DEFAULT CHARSET=utf8 COLLATE=utf8_unicode_ci;

--
-- Дамп данных таблицы `yandex_payment`
--

INSERT INTO `yandex_payment` (`id`, `paymentName`, `customerNumber`, `orderNumber`, `baseInvoiceId`, `destination`, `sum`, `shopId`, `shopArticleId`, `avisoInvoiceId`, `avisoSum`, `avisoCurrency`, `repeatId`, `repeatStatus`, `repeatError`, `repeatTechMessage`, `repeatProcessedDT`, `cancelId`, `cancelStatus`, `cancelError`, `cancelTechMessage`, `cancelProcessedDT`, `confirmId`, `confirmStatus`, `confirmError`, `confirmInvoiceId`, `confirmRequestDT`, `returnId`, `returnStatus`, `returnError`, `returnTechMessage`, `returnProcessedDT`, `gootaxResult`, `createdAt`, `updatedAt`) VALUES
(1, '2538', 'worker_11095', 'replicate_fVyzJyRJ', NULL, NULL, '1.00', '167565', NULL, NULL, NULL, NULL, NULL, NULL, NULL, NULL, NULL, NULL, NULL, NULL, NULL, NULL, NULL, NULL, NULL, NULL, NULL, NULL, NULL, NULL, NULL, NULL, 'SUCCESS', 1516276514, 1516276514);

-- --------------------------------------------------------

--
-- Структура таблицы `yandex_payment_gate_profile`
--

CREATE TABLE `yandex_payment_gate_profile` (
  `id` int(11) NOT NULL,
  `paymentName` varchar(32) NOT NULL,
  `shopId` int(11) NOT NULL,
  `scid` int(11) NOT NULL,
  `password` varchar(255) DEFAULT NULL,
  `commission` float DEFAULT '0',
  `isDebug` tinyint(1) DEFAULT NULL,
  `certificateContent` blob NOT NULL,
  `certificatePassword` varchar(255) DEFAULT '',
  `keyContent` blob NOT NULL,
  `secureDeal` int(11) NOT NULL DEFAULT '0',
  `secureDealShopId` int(11) DEFAULT NULL,
  `secureDealScid` int(11) DEFAULT NULL,
  `shopArticleId` int(11) DEFAULT NULL,
  `secureDealShopArticleId` int(11) DEFAULT NULL,
  `cardBindingSum` int(11) NOT NULL DEFAULT '1',
  `secureDealPaymentShopId` int(11) DEFAULT NULL,
  `secureDealPaymentScid` int(11) DEFAULT NULL,
  `secureDealPaymentShopArticleId` int(11) DEFAULT NULL,
  `createdAt` int(11) DEFAULT NULL,
  `updatedAt` int(11) DEFAULT NULL,
  `useReceipt` int(1) DEFAULT '0',
  `product` varchar(128) DEFAULT NULL,
  `vat` int(11) DEFAULT NULL
) ENGINE=InnoDB DEFAULT CHARSET=utf8;

-- --------------------------------------------------------

--
-- Структура таблицы `yandex_payment_register`
--

CREATE TABLE `yandex_payment_register` (
  `id` int(11) NOT NULL,
  `shopId` int(11) NOT NULL,
  `paymentName` varchar(255) NOT NULL,
  `customerNumber` varchar(255) NOT NULL,
  `orderNumber` varchar(255) NOT NULL,
  `gootaxResult` enum('WAITING','SUCCESSFUL','FAILED') DEFAULT 'WAITING',
  `yandexResult` enum('WAITING','SUCCESSFUL','FAILED') DEFAULT 'WAITING',
  `createdAt` int(11) DEFAULT NULL,
  `updatedAt` int(11) DEFAULT NULL
) ENGINE=InnoDB DEFAULT CHARSET=utf8;

--
-- Индексы сохранённых таблиц
--

--
-- Индексы таблицы `bepaid_card`
--
ALTER TABLE `bepaid_card`
  ADD PRIMARY KEY (`id`),
  ADD KEY `idx_bepaid_card` (`paymentName`,`clientId`);

--
-- Индексы таблицы `bepaid_payment`
--
ALTER TABLE `bepaid_payment`
  ADD PRIMARY KEY (`id`),
  ADD KEY `idx_bepaid_payment` (`paymentName`,`clientId`,`orderNumber`);

--
-- Индексы таблицы `bepaid_profile`
--
ALTER TABLE `bepaid_profile`
  ADD PRIMARY KEY (`id`),
  ADD UNIQUE KEY `paymentName` (`paymentName`);

--
-- Индексы таблицы `cache`
--
ALTER TABLE `cache`
  ADD PRIMARY KEY (`id`);

--
-- Индексы таблицы `currency`
--
ALTER TABLE `currency`
  ADD PRIMARY KEY (`code`);

--
-- Индексы таблицы `kkb_payment_gate_profile`
--
ALTER TABLE `kkb_payment_gate_profile`
  ADD PRIMARY KEY (`id`),
  ADD UNIQUE KEY `paymentName` (`paymentName`),
  ADD KEY `merchantId` (`merchantId`);

--
-- Индексы таблицы `migration`
--
ALTER TABLE `migration`
  ADD PRIMARY KEY (`version`);

--
-- Индексы таблицы `paycom_card`
--
ALTER TABLE `paycom_card`
  ADD PRIMARY KEY (`id`),
  ADD KEY `idx_paycom_card` (`paymentName`,`clientId`);

--
-- Индексы таблицы `paycom_payment`
--
ALTER TABLE `paycom_payment`
  ADD PRIMARY KEY (`id`),
  ADD KEY `idx_paycom_payment` (`paymentName`,`clientId`),
  ADD KEY `idx_paycom_payment_receiptId` (`receiptId`(255));

--
-- Индексы таблицы `paycom_profile`
--
ALTER TABLE `paycom_profile`
  ADD PRIMARY KEY (`id`),
  ADD UNIQUE KEY `paymentName` (`paymentName`);

--
-- Индексы таблицы `payment_gate_profile`
--
ALTER TABLE `payment_gate_profile`
  ADD PRIMARY KEY (`id`),
  ADD UNIQUE KEY `paymentName` (`paymentName`),
  ADD KEY `payment_type` (`typeId`);

--
-- Индексы таблицы `payment_gate_type`
--
ALTER TABLE `payment_gate_type`
  ADD PRIMARY KEY (`id`);

--
-- Индексы таблицы `payture_payment`
--
ALTER TABLE `payture_payment`
  ADD PRIMARY KEY (`id`),
  ADD KEY `ids_payture_payment` (`paymentName`,`clientId`,`orderNumber`);

--
-- Индексы таблицы `payture_profile`
--
ALTER TABLE `payture_profile`
  ADD PRIMARY KEY (`id`),
  ADD UNIQUE KEY `paymentName` (`paymentName`);

--
-- Индексы таблицы `sberbank_payment_gate_profile`
--
ALTER TABLE `sberbank_payment_gate_profile`
  ADD PRIMARY KEY (`id`),
  ADD UNIQUE KEY `paymentName` (`paymentName`);

--
-- Индексы таблицы `stripe_customer`
--
ALTER TABLE `stripe_customer`
  ADD PRIMARY KEY (`id`),
  ADD KEY `profile_customer` (`profileId`);

--
-- Индексы таблицы `stripe_payment`
--
ALTER TABLE `stripe_payment`
  ADD PRIMARY KEY (`id`),
  ADD KEY `idx_stripe_payment` (`paymentName`,`clientId`),
  ADD KEY `idx_stripe_payment_paymentId` (`paymentId`);

--
-- Индексы таблицы `stripe_payment_gate_profile`
--
ALTER TABLE `stripe_payment_gate_profile`
  ADD PRIMARY KEY (`id`),
  ADD UNIQUE KEY `paymentName` (`paymentName`);

--
-- Индексы таблицы `tbl_check`
--
ALTER TABLE `tbl_check`
  ADD PRIMARY KEY (`id`);

--
-- Индексы таблицы `yandex_order_binding`
--
ALTER TABLE `yandex_order_binding`
  ADD PRIMARY KEY (`id`);

--
-- Индексы таблицы `yandex_payment`
--
ALTER TABLE `yandex_payment`
  ADD PRIMARY KEY (`id`),
  ADD KEY `idx_yandex_payment_1` (`orderNumber`,`shopId`),
  ADD KEY `idx_yandex_payment_2` (`paymentName`,`shopId`);

--
-- Индексы таблицы `yandex_payment_gate_profile`
--
ALTER TABLE `yandex_payment_gate_profile`
  ADD PRIMARY KEY (`id`),
  ADD UNIQUE KEY `paymentName` (`paymentName`);

--
-- Индексы таблицы `yandex_payment_register`
--
ALTER TABLE `yandex_payment_register`
  ADD PRIMARY KEY (`id`);

--
-- AUTO_INCREMENT для сохранённых таблиц
--

--
-- AUTO_INCREMENT для таблицы `bepaid_card`
--
ALTER TABLE `bepaid_card`
  MODIFY `id` int(11) NOT NULL AUTO_INCREMENT, AUTO_INCREMENT=7;

--
-- AUTO_INCREMENT для таблицы `bepaid_payment`
--
ALTER TABLE `bepaid_payment`
  MODIFY `id` int(11) NOT NULL AUTO_INCREMENT, AUTO_INCREMENT=11;

--
-- AUTO_INCREMENT для таблицы `bepaid_profile`
--
ALTER TABLE `bepaid_profile`
  MODIFY `id` int(11) NOT NULL AUTO_INCREMENT;

--
-- AUTO_INCREMENT для таблицы `currency`
--
ALTER TABLE `currency`
  MODIFY `code` int(11) NOT NULL AUTO_INCREMENT, AUTO_INCREMENT=976;

--
-- AUTO_INCREMENT для таблицы `kkb_payment_gate_profile`
--
ALTER TABLE `kkb_payment_gate_profile`
  MODIFY `id` int(11) NOT NULL AUTO_INCREMENT;

--
-- AUTO_INCREMENT для таблицы `paycom_card`
--
ALTER TABLE `paycom_card`
  MODIFY `id` int(11) NOT NULL AUTO_INCREMENT, AUTO_INCREMENT=4;

--
-- AUTO_INCREMENT для таблицы `paycom_payment`
--
ALTER TABLE `paycom_payment`
  MODIFY `id` int(11) NOT NULL AUTO_INCREMENT, AUTO_INCREMENT=2;

--
-- AUTO_INCREMENT для таблицы `paycom_profile`
--
ALTER TABLE `paycom_profile`
  MODIFY `id` int(11) NOT NULL AUTO_INCREMENT;

--
-- AUTO_INCREMENT для таблицы `payment_gate_profile`
--
ALTER TABLE `payment_gate_profile`
  MODIFY `id` int(11) NOT NULL AUTO_INCREMENT;

--
-- AUTO_INCREMENT для таблицы `payment_gate_type`
--
ALTER TABLE `payment_gate_type`
  MODIFY `id` int(11) NOT NULL AUTO_INCREMENT, AUTO_INCREMENT=11;

--
-- AUTO_INCREMENT для таблицы `payture_payment`
--
ALTER TABLE `payture_payment`
  MODIFY `id` int(11) NOT NULL AUTO_INCREMENT, AUTO_INCREMENT=3;

--
-- AUTO_INCREMENT для таблицы `payture_profile`
--
ALTER TABLE `payture_profile`
  MODIFY `id` int(11) NOT NULL AUTO_INCREMENT;

--
-- AUTO_INCREMENT для таблицы `sberbank_payment_gate_profile`
--
ALTER TABLE `sberbank_payment_gate_profile`
  MODIFY `id` int(11) NOT NULL AUTO_INCREMENT;

--
-- AUTO_INCREMENT для таблицы `stripe_customer`
--
ALTER TABLE `stripe_customer`
  MODIFY `id` int(11) NOT NULL AUTO_INCREMENT, AUTO_INCREMENT=50;

--
-- AUTO_INCREMENT для таблицы `stripe_payment`
--
ALTER TABLE `stripe_payment`
  MODIFY `id` int(11) NOT NULL AUTO_INCREMENT, AUTO_INCREMENT=34;

--
-- AUTO_INCREMENT для таблицы `stripe_payment_gate_profile`
--
ALTER TABLE `stripe_payment_gate_profile`
  MODIFY `id` int(11) NOT NULL AUTO_INCREMENT, AUTO_INCREMENT=7;

--
-- AUTO_INCREMENT для таблицы `tbl_check`
--
ALTER TABLE `tbl_check`
  MODIFY `id` int(11) NOT NULL AUTO_INCREMENT;

--
-- AUTO_INCREMENT для таблицы `yandex_order_binding`
--
ALTER TABLE `yandex_order_binding`
  MODIFY `id` int(11) NOT NULL AUTO_INCREMENT;

--
-- AUTO_INCREMENT для таблицы `yandex_payment`
--
ALTER TABLE `yandex_payment`
  MODIFY `id` int(11) NOT NULL AUTO_INCREMENT, AUTO_INCREMENT=2;

--
-- AUTO_INCREMENT для таблицы `yandex_payment_gate_profile`
--
ALTER TABLE `yandex_payment_gate_profile`
  MODIFY `id` int(11) NOT NULL AUTO_INCREMENT;

--
-- AUTO_INCREMENT для таблицы `yandex_payment_register`
--
ALTER TABLE `yandex_payment_register`
  MODIFY `id` int(11) NOT NULL AUTO_INCREMENT;

--
-- Ограничения внешнего ключа сохраненных таблиц
--

--
-- Ограничения внешнего ключа таблицы `payment_gate_profile`
--
ALTER TABLE `payment_gate_profile`
  ADD CONSTRAINT `payment_type` FOREIGN KEY (`typeId`) REFERENCES `payment_gate_type` (`id`) ON DELETE CASCADE ON UPDATE CASCADE;

--
-- Ограничения внешнего ключа таблицы `stripe_customer`
--
ALTER TABLE `stripe_customer`
  ADD CONSTRAINT `profile_customer` FOREIGN KEY (`profileId`) REFERENCES `stripe_payment_gate_profile` (`id`) ON DELETE CASCADE ON UPDATE CASCADE;
COMMIT;

/*!40101 SET CHARACTER_SET_CLIENT=@OLD_CHARACTER_SET_CLIENT */;
/*!40101 SET CHARACTER_SET_RESULTS=@OLD_CHARACTER_SET_RESULTS */;
/*!40101 SET COLLATION_CONNECTION=@OLD_COLLATION_CONNECTION */;
